noise_id,noise_name,severity,AP_BG_mAP50_95_baseline,AP_BG_mAP50_95_recsra,AP_WSSV_mAP50_95_baseline,AP_WSSV_mAP50_95_recsra,mAP50_baseline,mAP50_recsra,mAP50_95_baseline,mAP50_95_recsra,mAP75_baseline,mAP75_recsra,precision_baseline,precision_recsra,recall_baseline,recall_recsra,delta_mAP50,delta_mAP50_95,delta_mAP75,delta_precision,delta_recall,delta_AP_BG_mAP50_95,delta_AP_WSSV_mAP50_95
N01,low_light_sensor_noise,1,3.0508203500993503,4.20160335115838,2.44424872885851,2.6052779896697,9.42152050113765,11.32498569794704,2.74753453947893,3.40344067041404,0.7478366777162601,0.6335384496991,16.95080432011026,19.88400476194657,20.95593814402709,21.283575164913373,1.903465196809391,0.6559061309351102,-0.11429822801716003,2.933200441836309,0.32763702088628166,1.1507830010590296,0.16102926081119004
N01,low_light_sensor_noise,2,1.5968053203261798,3.2412326938804603,1.32555446433347,1.89510767561435,5.10141441184764,8.89892856019942,1.46117989232983,2.56817018474741,0.30213428450543,0.67405494869123,13.28580399609684,17.76426369434299,12.2177295000514,15.025381704612762,3.7975141483517807,1.10699029241758,0.37192066418579994,4.4784596982461515,2.8076522045613617,1.6444273735542803,0.5695532112808799
N01,low_light_sensor_noise,3,0.36627886661272,1.34614923399609,0.25767382299213004,0.49464696689284,0.9972819552762799,2.8416264786245997,0.31197634480243003,0.9203981004444599,0.15663275679624,0.40686632453548,8.49519876021264,10.353543727976309,3.04874168424865,5.16372056138358,1.84434452334832,0.6084217556420299,0.25023356773924,1.8583449677636699,2.11497887713493,0.97987036738337,0.23697314390070998
N01,low_light_sensor_noise,4,0.0023556021085776565,0.03775133818243,0.01587371307929,0.02290325324155,0.03301132746668,0.14896340348861,0.009114657593937035,0.03032729571199,0.001732409088408428,0.004837629393136534,0.37076869148907,0.32919726821823,8.4124318952815,19.490309916242822,0.11595207602193001,0.021212638118052966,0.003105220304728106,-0.041571423270840006,11.077878020961322,0.035395736073852345,0.0070295401622600005
N01,low_light_sensor_noise,5,0.00021388575599602718,0.003786160949060211,0.00026539606687671385,0.0007175927691223607,0.0010514067371114229,0.01136980320501,0.00023964091143637047,0.002251876859091286,0.0,4.263059171261298e-05,0.03310030258182,0.09554042321959,2.1644205775378,6.86848018171048,0.010318396467898578,0.0020122359476549153,4.263059171261298e-05,0.06244012063777,4.704059604172681,0.0035722751930641838,0.000452196702245647
N02,global_overexposure_clipping,1,4.46670752591094,5.6327039128707606,3.79620065836236,3.9624516975045396,14.60233295679734,16.05926515275655,4.13145409213665,4.79757780518765,1.1587484041959502,1.2316357546049899,22.17918822224507,23.45305918717149,24.14492782001263,26.13630244614036,1.4569321959592096,0.6661237130509999,0.07288735040903993,1.2738709649264213,1.9913746261277288,1.1659963869598202,0.16625103914217967
N02,global_overexposure_clipping,2,4.38607803999595,5.42250673234291,3.72433674244688,4.03361487628922,14.47972208389213,16.014190541226668,4.05520739122142,4.72806080431607,1.039025681988,0.98307415878658,22.08743498939101,22.80574933749249,24.83344021225664,27.36696021656444,1.5344684573345395,0.6728534130946497,-0.05595152320141995,0.7183143481014787,2.533520004307799,1.03642869234696,0.3092781338423403
N02,global_overexposure_clipping,3,4.31684289754796,4.93683116687472,3.71884032412178,3.9017510643837303,14.0466448801532,15.100886919578599,4.01784161083487,4.41929111562923,1.17060405577956,1.20421023671375,20.47447079264066,22.27102021226709,25.482790861607292,24.509866311600188,1.0542420394253988,0.40144950479436003,0.03360618093418994,1.7965494196264309,-0.972924550007101,0.61998826932676,0.18291074026195037
N02,global_overexposure_clipping,4,3.8443239561789597,4.28508577312555,3.71860116444059,3.61247169191804,12.675138204367789,13.566913489997459,3.78146256030978,3.9487787325218,1.21400851782637,0.9146089797911501,20.40645326216346,21.17321178366891,24.83344021225664,23.689427797984138,0.8917752856296701,0.16731617221202033,-0.29939953803522,0.7667585215054507,-1.144012414272502,0.44076181694659017,-0.1061294725225502
N02,global_overexposure_clipping,5,3.3915909285174397,3.1883354875985503,3.4256832295137296,3.1885392940095403,12.08033775144181,10.45451360357272,3.4086370790155898,3.18843739080404,0.8561110230976801,0.9007562965723901,20.790520435331512,18.06674395131165,24.53458716180163,20.455157356778162,-1.62582414786909,-0.22019968821154964,0.04464527347470999,-2.72377648401986,-4.0794298050234685,-0.2032554409188897,-0.23714393550418947
N03,localized_specular_flash_glare,1,4.43898288589385,5.47375519476629,3.77002149178317,3.8349545770130202,14.319710505482849,16.309012615809408,4.10450218883851,4.65435488588965,1.34316449068803,1.15204105764173,21.35948535069802,23.879353425346363,24.39850010524718,25.39834835349347,1.9893021103265602,0.5498526970511397,-0.19112343304630003,2.5198680746483406,0.9998482482462906,1.0347723088724399,0.06493308522984992
N03,localized_specular_flash_glare,2,4.49762270114307,5.47054420093921,4.126704015408509,3.85119554438424,14.794196214191672,16.11385035220858,4.3121633582757894,4.66086987266172,1.3652066837652899,1.12991764916404,22.712753339102427,23.86624581992555,23.92439825534435,25.437510096386838,1.3196541380169098,0.34870651438593037,-0.23528903460124997,1.1534924808231206,1.5131118410424889,0.9729214997961401,-0.27550847102426956
N03,localized_specular_flash_glare,3,4.25852511664735,5.08372670763149,3.69803082703034,3.5673968985375697,14.21194255083348,15.090226720799771,3.9782779718388497,4.32556180308453,1.2665924016346202,1.05617797459771,22.616249187523117,24.08918018102144,24.37377925504574,24.59235073256935,0.8782841699662897,0.34728383124568024,-0.2104144270369101,1.4729309934983226,0.21857147752361028,0.8252015909841398,-0.1306339284927703
N03,localized_specular_flash_glare,4,3.59753660081642,4.60398622997724,3.70034127363469,3.7061972036357997,12.978259779566809,13.809492582649959,3.6489389372255503,4.1550917168065205,0.9774515476148301,1.02622327154026,19.20682287936102,22.341773915891743,24.944806418609662,23.419456532912992,0.8312328030831512,0.5061527795809699,0.0487717239254299,3.13495103653072,-1.5253498856966696,1.0064496291608203,0.005855930001109899
N03,localized_specular_flash_glare,5,4.10662622174784,5.33135199441576,3.55919241250972,3.4744155667011203,13.41355158116391,14.86717868690744,3.83290931712878,4.40288378055844,1.07547448421879,1.01794707718232,22.74804635828231,24.22116018995601,22.58443093736587,23.73085320495242,1.4536271057435295,0.5699744634296601,-0.057527407036469906,1.4731138316737002,1.1464222675865499,1.2247257726679202,-0.08477684580859984
N04,handheld_motion_blur,1,4.76378056087844,5.16078777681818,3.93978341125006,3.7953608869752102,15.0050810984279,15.68224514447221,4.35178198606425,4.478074331896701,1.26102061554054,1.07370107916253,22.25089957248026,24.82140892334881,24.53145759342893,25.63747974603609,0.6771640460443096,0.12629234583245025,-0.1873195363780099,2.5705093508685497,1.1060221526071612,0.39700721593973964,-0.14442252427484953
N04,handheld_motion_blur,2,4.3868906318174705,5.06575485478831,3.7387999438691,3.18120155659177,13.52163415822099,14.73949134534843,4.06284528784329,4.12347820569004,1.35384767568342,1.0440594391139801,20.353841964316167,24.234948064055022,26.14658240364987,25.16337789613326,1.2178571871274384,0.06063291784675004,-0.30978823656944,3.8811060997388513,-0.9832045075166107,0.6788642229708396,-0.5575983872773298
N04,handheld_motion_blur,3,2.38752468985165,3.9724093812353605,2.82368024117821,2.4919475997076597,9.60516754415392,11.44711423967518,2.60560246551493,3.23217849047151,0.8094316940873999,0.82972677510876,20.4462392400129,21.32708558341929,18.76067769396077,19.3358657927071,1.8419466955212598,0.62657602495658,0.020295081021360142,0.8808463434063885,0.5751880987463293,1.5848846913837102,-0.33173264147055015
N04,handheld_motion_blur,4,1.53288579577214,2.29875827764117,1.9541090163750898,1.7510137162320398,5.68195220746135,6.894972445054471,1.74349740607361,2.0248859969366,0.78964813758566,0.81886083824957,15.86423173684376,15.94729652581362,11.51241772486892,14.41739564619323,1.2130202375931203,0.2813885908629903,0.02921270066391004,0.08306478896986103,2.904977921324309,0.7658724818690298,-0.20309530014305
N04,handheld_motion_blur,5,0.83824998312597,1.92682503358867,0.67690912601329,0.7374947550661201,2.96482291943986,4.45505030492572,0.75757955456963,1.3321598943274,0.29807785239343,0.38260130600991,13.18018025789684,12.63200736416707,6.75099495303038,8.99178092921025,1.49022738548586,0.5745803397577699,0.08452345361647999,-0.5481728937297703,2.2407859761798696,1.0885750504627,0.060585629052830034
N05,autofocus_defocus_blur,1,4.63496542600383,5.21599525302813,3.73184313295798,3.73679652084458,14.49524756847148,15.582208512401479,4.18340427948091,4.476395886936349,1.33656645115857,1.1340841977373801,22.74675082868266,24.539380660480813,25.25810036175659,26.27238950269481,1.0869609439299988,0.2929916074554395,-0.20248225342118994,1.792629831798151,1.0142891409382182,0.5810298270243,0.004953387886599825
N05,autofocus_defocus_blur,2,4.8043758501345994,5.087204379165,3.7547487255371403,3.4634221535138003,14.65636028889507,14.855132850056672,4.279562287835869,4.2753132663394,1.29590017486224,1.16742167426585,22.46418503571533,24.47183354132769,24.67679324068317,25.609090689919313,0.19877256116160036,-0.004249021496469801,-0.12847850059638996,2.0076485056123583,0.9322974492361413,0.2828285290304003,-0.2913265720233399
N05,autofocus_defocus_blur,3,4.05186148347866,4.51499177944796,3.4169586200303295,2.64595650153918,12.752463921528989,12.73008508359558,3.7344100517545,3.58047414049357,0.9079235263994601,0.79786607426687,21.36941676167077,21.84892199107801,23.41113466254815,25.103880574828757,-0.022378837933409446,-0.1539359112609301,-0.11005745213259008,0.47950522940723994,1.6927459122806077,0.46313029596929955,-0.7710021184911496
N05,autofocus_defocus_blur,4,3.2332529565210195,3.6578997897805796,2.70951560470256,2.12006231606716,10.60880207909143,10.50579301514088,2.97138428061179,2.88898105292387,0.62470396684591,0.4849344691424,20.77156225434017,21.36241687854157,21.81774124857426,21.86938579701489,-0.10300906395055015,-0.0824032276879199,-0.13976949770351,0.5908546242014007,0.05164454844062971,0.42464683325956,-0.5894532886354001
N05,autofocus_defocus_blur,5,2.12204294065006,2.86786093084951,1.8135936537258202,1.51927544000967,6.85298971447674,8.215588060512461,1.9678182971879399,2.19356818542959,0.38536040982221004,0.31235466993801,14.97790263289187,18.58387754293325,17.308844552495632,19.19172993681336,1.3625983460357205,0.2257498882416501,-0.07300573988420003,3.605974910041379,1.8828853843177284,0.7458179901994502,-0.2943182137161502
N06,auto_white_balance_color_cast,1,4.38827583122439,5.56856702025305,3.7796506626493698,3.86570954104358,14.16581847797374,16.11438860691273,4.0839632469368805,4.71713828064831,1.1039156576370701,1.16937812691535,20.592679748540927,25.534149605287187,25.75692306186087,23.61110431219741,1.9485701289389894,0.6331750337114299,0.06546246927827994,4.9414698567462585,-2.1458187496634613,1.18029118902866,0.08605887839421011
N06,auto_white_balance_color_cast,2,4.7619123891688,5.4415164056734096,3.77880846382354,3.80792129746775,14.24502313991039,15.47290808480698,4.27036042649617,4.62471885157058,1.34667236772628,1.04085139041642,22.31490289358328,23.8588837206066,27.06590431807167,25.5302744748655,1.22788494489659,0.3543584250744102,-0.30582097730986,1.5439808270233195,-1.535629843206171,0.6796040165046098,0.0291128336442098
N06,auto_white_balance_color_cast,3,3.85578700252516,4.947686451729489,3.64879141986794,3.72403805001714,12.93539219215288,15.32930270715365,3.7522892111965502,4.335862250873309,0.88609904578209,0.83947250283715,19.72919973786023,25.50186149471159,26.60624336086077,24.52430720429212,2.393910515000769,0.5835730396767596,-0.04662654294494001,5.7726617568513605,-2.0819361565686507,1.0918994492043297,0.07524663014919983
N06,auto_white_balance_color_cast,4,3.4892252717033703,4.12772842433429,3.71197792998019,3.8345132186975204,12.43594516921535,13.923843796349539,3.6006016008417805,3.98112082151591,1.16754829756838,1.31082238357938,19.82980412124467,22.63203671515909,25.51167264699115,23.85023570474004,1.487898627134189,0.3805192206741297,0.1432740860109999,2.8022325939144195,-1.6614369422511128,0.6385031526309197,0.1225352887173306
N06,auto_white_balance_color_cast,5,3.3926829657894597,3.69849969166924,2.44716873918654,3.0912374030078302,9.76034023381421,11.94305397777545,2.919925852488,3.3948685473385303,0.83158597067895,0.78766400455733,15.352182424417471,19.65795567961139,20.47155633661476,22.716503247977048,2.18271374396124,0.4749426948505303,-0.043921966121620096,4.3057732551939205,2.244946911362289,0.3058167258797803,0.64406866382129
N07,jpeg_recompression,1,4.43676662484091,5.39983299861841,3.78823571318705,3.80390775668996,14.50391261071565,15.721835261074629,4.1125011690139806,4.60187037765418,0.91256657235782,1.1252866770793502,21.91888614152137,23.21817831680956,24.51598533392728,25.012849946886877,1.2179226503589797,0.4893692086401995,0.21272010472152997,1.2992921752881887,0.4968646129595994,0.9630663737774998,0.01567204350291021
N07,jpeg_recompression,2,4.649116254895381,5.57616675679076,3.71095537801892,3.86647263775899,14.709729776247372,16.20218158393843,4.18003581645715,4.72131969727488,0.8353505452778199,0.9783247302701701,23.25934261632304,24.06288094918696,24.35517742717139,26.94230006706448,1.4924518076910587,0.5412838808177299,0.14297418499235015,0.8035383328639206,2.5871226398930887,0.9270505018953795,0.15551725974006989
N07,jpeg_recompression,3,3.95808508379967,5.470724825270399,3.12419693357789,3.44238032191697,12.073201162909621,14.40698834077138,3.54114100868878,4.4565525735936795,0.69398641277525,1.29825672820267,20.30489420904692,20.43656038912808,21.658891428963038,25.072571604799272,2.3337871778617583,0.9154115649048999,0.6042703154274199,0.13166618008116082,3.413680175836231,1.5126397414707295,0.31818338833908
N07,jpeg_recompression,4,3.95161200739968,5.175964256165759,3.25212171049346,3.04604500487884,13.30839459968846,13.55572819996923,3.60186685894657,4.1110046305223,0.7089719021485,1.14136568565949,19.32219458990719,22.7594679800137,23.852193791884698,21.28171489272129,0.24733360028076912,0.5091377715757295,0.43239378351099006,3.43727339010651,-2.5704788991634087,1.22435224876608,-0.20607670561462005
N07,jpeg_recompression,5,3.03006699815117,3.7124980305817497,2.0971612288879298,1.8244669018279098,8.90049810917095,9.47284784502329,2.56361411351955,2.76848246620483,0.70229178906124,0.6106233924158601,17.68331513864092,16.29978200302154,18.34629750197032,19.92329193610761,0.57234973585234,0.20486835268528,-0.09166839664537996,-1.3835331356193803,1.5769944341372883,0.6824310324305798,-0.2726943270600201
N08,low_resolution_resampling,1,4.63018762202112,5.15276950749451,3.6463100215154496,3.75890085077245,14.14097249235331,15.50495034220516,4.13824882176828,4.45583517913348,1.3285592160322,1.1519654331603502,23.34539176017683,24.301654247481867,23.80275209148183,25.373627503292028,1.3639778498518496,0.3175863573652002,-0.17659378287184987,0.9562624873050374,1.5708754118101993,0.5225818854733895,0.11259082925700048
N08,low_resolution_resampling,2,4.78541843181398,5.24346254946213,3.6693611830288795,3.5845652463346105,14.5491323383976,15.313967100439879,4.22738980742143,4.4140138978983705,1.28106198931552,1.0807203361062299,22.65047203040856,25.0140920895632,24.22741224098178,25.54471536755743,0.7648347620422796,0.18662409047694034,-0.20034165320929,2.363620059154639,1.3173031265756503,0.45804411764815006,-0.08479593669426938
N08,low_resolution_resampling,3,4.87437449447859,5.050282037499651,3.7608666064794396,3.43474074720721,14.699897196295789,15.00603693052571,4.31762055047901,4.24251139235343,1.20828943430537,1.15334600471616,25.55487983858914,24.955014458528822,22.45460909237766,26.19406601690808,0.306139734229921,-0.07510915812558028,-0.054943429589210044,-0.5998653800603188,3.739456924530421,0.1759075430210602,-0.3261258592722298
N08,low_resolution_resampling,4,4.71586429918329,4.91603559349017,3.73189129117468,3.3244952597469997,14.471502633327022,14.11029680633536,4.223877795178979,4.12026542661859,1.28544216041158,1.1539707692160899,23.40006488992297,22.96281372185028,23.65588297559301,25.15309793862376,-0.3612058269916618,-0.10361236856039,-0.1314713911954901,-0.4372511680726887,1.497214963030749,0.20017129430687994,-0.40739603142768005
N08,low_resolution_resampling,5,3.6625519740094004,4.400979232271459,3.0949057199645003,2.50775312413255,11.22149465882577,12.18819454003642,3.3787288469869505,3.454366178202,0.90558213314336,0.5498556446145499,20.182318316472088,21.637918868803947,22.210966762961938,22.68566337544852,0.9666998812106503,0.07563733121504976,-0.35572648852881,1.4556005523318594,0.47469661248658035,0.7384272582620595,-0.5871525958319499
N09,uneven_cast_shadow,1,4.38352444895002,5.3487859767236,3.84912989434862,3.8573375851253697,14.556727663709479,15.80245849644821,4.11632717164932,4.60306178092448,1.33875555458927,1.1824400515627,23.72781599462068,24.00765321599127,23.82747294168327,26.57540348833225,1.2457308327387313,0.48673460927516,-0.15631550302657,0.27983722137059075,2.74793054664898,0.9652615277735803,0.008207690776750043
N09,uneven_cast_shadow,2,4.446984250926881,5.25407421514508,3.68486536460901,3.6149791473397896,13.91371390053717,15.26146858224583,4.06592480776794,4.43452668124244,1.1395595622616699,1.33777358640567,21.62805402081788,23.89607194781218,22.32109856013565,25.66220059623753,1.3477546817086599,0.3686018734745,0.19821402414400002,2.268017926994301,3.341102036101878,0.8070899642181995,-0.06988621726922023
N09,uneven_cast_shadow,3,4.18413559802578,5.0325420258156,3.69442042128032,3.68566774077701,14.03520953482291,14.60819466194706,3.93927800965305,4.3591048832962995,1.11240693094631,1.29109492952602,22.52147366756962,22.41417067525218,24.53846848531328,25.05617262496267,0.572985127124151,0.41982687364324967,0.17868799857971002,-0.10730299231744012,0.5177041396493887,0.8484064277898197,-0.008752680503310017
N09,uneven_cast_shadow,4,4.304840177825319,4.37407314789244,3.68622510782947,3.5395449393647,13.816474457199709,13.464674090577239,3.9955326428273903,3.9568090436285703,1.1222229445801302,1.17814652168665,20.932963199653027,21.35002362584167,25.77136395455279,23.23392777595566,-0.3518003666224706,-0.03872359919881996,0.05592357710651995,0.4170604261886396,-2.53743617859713,0.06923297006712001,-0.14668016846477033
N09,uneven_cast_shadow,5,3.4920450216497203,3.7640605691866598,2.84466730600189,2.37416552017614,11.28241591242881,10.50274813069564,3.1683561638258,3.0691130446814,0.9945554585500199,0.90277180485665,18.97317951821968,19.18704756094968,23.39669376985622,19.26366132924745,-0.7796677817331704,-0.09924311914440015,-0.09178365369336988,0.21386804273000048,-4.133032440608769,0.27201554753693985,-0.47050178582574986
N10,lens_smudge_fingerprint,1,4.46038461494997,5.50253127382458,3.77657114997319,3.91971588383149,13.900671299984872,16.09323684750998,4.11847788246158,4.711123578828031,1.28731359922458,1.17149771740356,21.15749143842854,24.73496261322023,23.94911910554579,24.63151247546272,2.1925655475251107,0.5926456963664506,-0.11581588182102004,3.5774711747916883,0.6823933699169282,1.0421466588746098,0.14314473385829973
N10,lens_smudge_fingerprint,2,4.08975089845136,4.80021807901802,3.2326697500042703,3.15905531099788,12.37434755712725,13.76758429309057,3.66121032422781,3.97963669500795,1.2308515612547901,1.0325462902240001,19.68772280822007,23.433332882112527,23.35337109178044,22.712342312794632,1.3932367359633213,0.31842637078014,-0.19830527103079001,3.745610073892458,-0.6410287789858082,0.7104671805666596,-0.07361443900639059
N10,lens_smudge_fingerprint,3,3.88401004731357,3.99356169671678,3.1077317942625498,3.5346035031658403,12.06938014040476,13.03351632334819,3.49587092078806,3.7640825999413097,1.18597855088283,1.06496851208242,20.72286581662038,24.25327325787045,21.24867217215502,22.46293096274249,0.9641361829434301,0.2682116791532497,-0.12101003880040997,3.5304074412500692,1.214258790587469,0.10955164940320977,0.4268717089032904
N10,lens_smudge_fingerprint,4,2.5739846413446803,3.22519342749106,2.5208230633843702,2.80504793719965,9.61052440975458,10.59377211635161,2.54740385236453,3.0151206823453602,0.58762256091094,0.58135325321128,19.09085941744021,21.272812025182468,20.05521805747964,20.405715656375282,0.9832477065970304,0.46771682998082986,-0.006269307699660002,2.18195260774226,0.350497598895641,0.6512087861463796,0.2842248738152798
N10,lens_smudge_fingerprint,5,3.4328508422655597,3.94980203947292,2.76703096899433,2.97074496343132,11.1624028539956,11.72142639385815,3.09994090562994,3.4602735014521198,0.90726084092989,0.90047557923365,19.408703659216588,19.60152555591671,20.05858671145175,21.41168292694866,0.5590235398625507,0.3603325958221798,-0.006785261696239976,0.19282189670012106,1.35309621549691,0.5169511972073604,0.20371399443698984
