source_type	path	size_bytes	mtime_utc	candidate_reason	error
filesystem	D:\CVio\legacy\CVio_ShrimpDB_Combined_Research_Repo\studies\shrimpdb_combined_multisource\artifacts\final_application_model\yolo26m_asl_ldam_simam_dcfr_combined4_best.pt	21946306	2026-07-21T05:39:41.153380+00:00	suffix:.pt;tokens:asl,ldam,simam,dcfr,yolo26m	
filesystem	D:\CVio\legacy\CVio_ShrimpDB_Combined_YOLO26m_CE_Baseline_seed42_RESULTS\selected_best_by_dataset\combined4\checkpoint\selected_best.pt	20883670	2026-07-24T08:31:47.686883+00:00	suffix:.pt;tokens:yolo26m	
filesystem	D:\CVio\legacy\CVio_ShrimpDB_Combined_YOLO26m_CE_Baseline_seed42_RESULTS\selected_best_by_dataset\shrimpdb3\checkpoint\selected_best.pt	21943106	2026-07-24T08:31:47.998877+00:00	suffix:.pt;tokens:yolo26m	
filesystem	D:\CVio\legacy\CVio_ShrimpDB_Combined_YOLO26m_CE_Baseline_seed42_RESULTS\source_packages\asl_ldam_simam_dcfr\final_application_model\yolo26m_asl_ldam_simam_dcfr_combined4_best.pt	21946306	2026-07-24T08:31:45.339286+00:00	suffix:.pt;tokens:asl,ldam,simam,dcfr,yolo26m	
filesystem	D:\CVio\legacy\CVio_ShrimpDB_Combined_YOLO26m_CE_Baseline_seed42_RESULTS\source_packages\asl_ldam_simam_dcfr\runs\yolo26m_cls__asl_ldam_simam_dcfr__combined4__seed42\weights\best.pt	21946306	2026-07-24T08:31:45.778443+00:00	best.pt;suffix:.pt;tokens:asl,ldam,simam,dcfr,yolo26m	
filesystem	D:\CVio\legacy\CVio_ShrimpDB_Combined_YOLO26m_CE_Baseline_seed42_RESULTS\source_packages\asl_ldam_simam_dcfr\runs\yolo26m_cls__asl_ldam_simam_dcfr__combined4__seed42\weights\last.pt	21946306	2026-07-24T08:31:45.995505+00:00	last.pt;suffix:.pt;tokens:asl,ldam,simam,dcfr,yolo26m	
filesystem	D:\CVio\legacy\CVio_ShrimpDB_Combined_YOLO26m_CE_Baseline_seed42_RESULTS\source_packages\asl_ldam_simam_dcfr\runs\yolo26m_cls__asl_ldam_simam_dcfr__shrimpdb3__seed42\weights\best.pt	21943106	2026-07-24T08:31:46.357114+00:00	best.pt;suffix:.pt;tokens:asl,ldam,simam,dcfr,yolo26m	
filesystem	D:\CVio\legacy\CVio_ShrimpDB_Combined_YOLO26m_CE_Baseline_seed42_RESULTS\source_packages\asl_ldam_simam_dcfr\runs\yolo26m_cls__asl_ldam_simam_dcfr__shrimpdb3__seed42\weights\last.pt	21943106	2026-07-24T08:31:46.565379+00:00	last.pt;suffix:.pt;tokens:asl,ldam,simam,dcfr,yolo26m	
filesystem	D:\CVio\legacy\CVio_ShrimpDB_Combined_YOLO26m_CE_Baseline_seed42_RESULTS\source_packages\ce_baseline\final_baseline_model\yolo26m_ce_baseline_combined4_best.pt	20883670	2026-07-24T08:31:44.261373+00:00	suffix:.pt;tokens:yolo26m	
filesystem	D:\CVio\legacy\CVio_ShrimpDB_Combined_YOLO26m_CE_Baseline_seed42_RESULTS\source_packages\ce_baseline\runs\yolo26m_cls__baseline_ce__combined4__seed42\weights\best.pt	20883670	2026-07-24T08:31:43.308573+00:00	best.pt;suffix:.pt;tokens:yolo26m	
filesystem	D:\CVio\legacy\CVio_ShrimpDB_Combined_YOLO26m_CE_Baseline_seed42_RESULTS\source_packages\ce_baseline\runs\yolo26m_cls__baseline_ce__combined4__seed42\weights\last.pt	20883670	2026-07-24T08:31:43.514524+00:00	last.pt;suffix:.pt;tokens:yolo26m	
filesystem	D:\CVio\legacy\CVio_ShrimpDB_Combined_YOLO26m_CE_Baseline_seed42_RESULTS\source_packages\ce_baseline\runs\yolo26m_cls__baseline_ce__shrimpdb3__seed42\weights\best.pt	20880662	2026-07-24T08:31:43.852331+00:00	best.pt;suffix:.pt;tokens:yolo26m	
filesystem	D:\CVio\legacy\CVio_ShrimpDB_Combined_YOLO26m_CE_Baseline_seed42_RESULTS\source_packages\ce_baseline\runs\yolo26m_cls__baseline_ce__shrimpdb3__seed42\weights\last.pt	20880662	2026-07-24T08:31:44.056988+00:00	last.pt;suffix:.pt;tokens:yolo26m	
filesystem	D:\CVio\New folder\CVio_Shrimp_Disease_Classification_Capstone_SU26\export\yolo26m_asl_ldam_simam_dcfr_fp16.tflite	20767070	2026-08-05T15:30:04.502006+00:00	deployment_export:.tflite;tokens:asl,ldam,simam,dcfr,yolo26m,classification	
filesystem	D:\CVio\New folder\CVio_Shrimp_Disease_Classification_Capstone_SU26\export\yolo26m_asl_ldam_simam_dcfr_fp32.tflite	41443690	2026-08-05T15:30:04.785536+00:00	deployment_export:.tflite;tokens:asl,ldam,simam,dcfr,yolo26m,classification	
filesystem	D:\CVio\New folder\release_quarantine_20260805_2240\ext3_bundle\weights\baseline_external3_best.pt	20880662	2026-08-04T08:12:18+00:00	suffix:.pt;tokens:external3,ext3	
filesystem	D:\CVio\New folder\release_quarantine_20260805_2240\ext3_bundle\weights\proposed_external3_best.pt	21943106	2026-08-04T08:12:18+00:00	suffix:.pt;tokens:external3,ext3	
filesystem	D:\CVio\New folder\release_quarantine_20260805_2240\sdi4_export\best_yolo26m_asl_ldam_simam_dcfr.onnx	41435180	2026-06-22T02:41:42+00:00	deployment_export:.onnx;tokens:asl,ldam,simam,dcfr,yolo26m	
filesystem	D:\CVio\New folder\release_quarantine_20260805_2240\sdi4_export\best_yolo26m_asl_ldam_simam_dcfr.pt	20884630	2026-06-22T02:26:24+00:00	suffix:.pt;tokens:asl,ldam,simam,dcfr,yolo26m	
filesystem	D:\CVio\New folder\release_quarantine_20260805_2240\sdi4_export\yolo26m_asl_ldam_simam_dcfr_fp32.tflite	41443690	2026-06-22T02:42:24+00:00	deployment_export:.tflite;tokens:asl,ldam,simam,dcfr,yolo26m	
filesystem	D:\CVio\New folder\release_quarantine_20260805_2240\sdi4_historical_testaug\training\YOLO26m-cls_ASL-LDAM_SimAM-DCFR\best.pt	21946242	2026-08-04T06:20:18+00:00	best.pt;suffix:.pt;tokens:asl,ldam,simam,dcfr,yolo26m	
filesystem	D:\CVio\New folder\release_quarantine_20260805_2240\sdi4_historical_testaug\training\YOLO26m-cls_CE\best.pt	20883606	2026-08-04T05:50:42+00:00	best.pt;suffix:.pt;tokens:yolo26m	
filesystem	D:\ASL-LDAM A Class-Imbalance-Aware Loss for Robust Shrimp Disease Image Classification Under Noisy Imaging Conditions\export\yolo26m_asl_ldam_simam_dcfr_fp16.tflite	20767070	2026-06-22T02:47:32+00:00	deployment_export:.tflite;tokens:asl,ldam,simam,dcfr,yolo26m,classification	
filesystem	D:\ASL-LDAM A Class-Imbalance-Aware Loss for Robust Shrimp Disease Image Classification Under Noisy Imaging Conditions\export\yolo26m_asl_ldam_simam_dcfr_fp32.tflite	41443690	2026-06-22T02:47:32+00:00	deployment_export:.tflite;tokens:asl,ldam,simam,dcfr,yolo26m,classification	
filesystem	D:\KaggleOutput\gwhd_previous_version_20260804_170909\downloaded\yolo11n.pt	5613764	2026-08-04T10:09:38.305413+00:00	suffix:.pt	
filesystem	D:\KaggleOutput\gwhd_previous_version_20260804_170909\downloaded\yolo26n.pt	5544453	2026-08-04T10:09:38.340389+00:00	suffix:.pt	
filesystem	D:\KaggleOutput\gwhd_previous_version_20260804_170909\downloaded\gwhd_yolo_final\runs\stage1_30ep\yolo11n_seed42\weights\last.pt	5551322	2026-08-04T10:09:38.123850+00:00	last.pt;suffix:.pt	
filesystem	D:\KaggleOutput\gwhd_previous_version_20260804_170909\downloaded\gwhd_yolo_final\runs\stage2_10ep\yolo11n_seed42\weights\last.pt	5548826	2026-08-04T10:09:38.152287+00:00	last.pt;suffix:.pt	
filesystem	D:\KaggleOutput\gwhd_previous_version_20260804_170909\review_stage\gwhd_yolo_final\runs\stage1_30ep\yolo11n_seed42\weights\last.pt	5551322	2026-08-04T10:09:38.123850+00:00	last.pt;suffix:.pt	
filesystem	D:\KaggleOutput\gwhd_previous_version_20260804_170909\review_stage\gwhd_yolo_final\runs\stage2_10ep\yolo11n_seed42\weights\last.pt	5548826	2026-08-04T10:09:38.152287+00:00	last.pt;suffix:.pt	
filesystem	D:\KaggleOutput\notebook082334a7e2_version8_20260804_134726\downloaded\yolo11n.pt	5613764	2026-08-04T06:47:45.473108+00:00	suffix:.pt	
filesystem	D:\KaggleOutput\notebook082334a7e2_version8_20260804_134726\downloaded\yolo26n.pt	5544453	2026-08-04T06:47:45.499639+00:00	suffix:.pt	
filesystem	D:\KaggleOutput\notebook082334a7e2_version8_20260804_134726\downloaded\gwhd_yolo_final\runs\stage1_30ep\yolo11n_seed42\weights\last.pt	5551322	2026-08-04T06:47:45.415530+00:00	last.pt;suffix:.pt	
filesystem	D:\KaggleResume\notebook082334a7e2\resume_essential_20260801_114559\gwhd_yolo_final\runs\stage1_30ep\yolov5nu_seed123\weights\best.pt	5350466	2026-08-01T04:47:00.288764+00:00	best.pt;suffix:.pt	
filesystem	D:\KaggleResume\notebook082334a7e2\resume_essential_20260801_114559\gwhd_yolo_final\runs\stage1_30ep\yolov5nu_seed123\weights\last.pt	5350466	2026-08-01T04:47:03.177413+00:00	last.pt;suffix:.pt	
filesystem	D:\KaggleResume\notebook082334a7e2\resume_essential_20260801_114559\gwhd_yolo_final\runs\stage1_30ep\yolov5nu_seed3407\weights\best.pt	5350466	2026-08-01T04:47:26.571956+00:00	best.pt;suffix:.pt	
filesystem	D:\KaggleResume\notebook082334a7e2\resume_essential_20260801_114559\gwhd_yolo_final\runs\stage1_30ep\yolov5nu_seed3407\weights\last.pt	5350466	2026-08-01T04:47:29.689155+00:00	last.pt;suffix:.pt	
filesystem	D:\KaggleResume\notebook082334a7e2\resume_essential_20260801_114559\gwhd_yolo_final\runs\stage1_30ep\yolov5nu_seed42\weights\best.pt	5350466	2026-08-01T04:47:35.498384+00:00	best.pt;suffix:.pt	
filesystem	D:\KaggleResume\notebook082334a7e2\resume_essential_20260801_114559\gwhd_yolo_final\runs\stage1_30ep\yolov5nu_seed42\weights\last.pt	5350466	2026-08-01T04:47:38.460887+00:00	last.pt;suffix:.pt	
filesystem	D:\KaggleResume\notebook082334a7e2\resume_essential_20260801_114559\gwhd_yolo_final\runs\stage1_30ep\yolov5su_seed123\weights\best.pt	18598466	2026-08-01T04:47:49.047230+00:00	best.pt;suffix:.pt	
filesystem	D:\KaggleResume\notebook082334a7e2\resume_essential_20260801_114559\gwhd_yolo_final\runs\stage1_30ep\yolov5su_seed123\weights\last.pt	18598466	2026-08-01T04:47:53.540128+00:00	last.pt;suffix:.pt	
filesystem	D:\KaggleResume\notebook082334a7e2\resume_essential_20260801_114559\gwhd_yolo_final\runs\stage1_30ep\yolov5su_seed3407\weights\best.pt	18598466	2026-08-01T04:48:02.435499+00:00	best.pt;suffix:.pt	
filesystem	D:\KaggleResume\notebook082334a7e2\resume_essential_20260801_114559\gwhd_yolo_final\runs\stage1_30ep\yolov5su_seed3407\weights\last.pt	18598466	2026-08-01T04:48:06.877169+00:00	last.pt;suffix:.pt	
filesystem	D:\KaggleResume\notebook082334a7e2\resume_essential_20260801_114559\gwhd_yolo_final\runs\stage1_30ep\yolov5su_seed42\weights\best.pt	18598466	2026-08-01T04:48:15.918665+00:00	best.pt;suffix:.pt	
filesystem	D:\KaggleResume\notebook082334a7e2\resume_essential_20260801_114559\gwhd_yolo_final\runs\stage1_30ep\yolov5su_seed42\weights\last.pt	18598466	2026-08-01T04:48:20.224625+00:00	last.pt;suffix:.pt	
filesystem	D:\KaggleResume\notebook082334a7e2\resume_essential_20260801_114559\gwhd_yolo_final\runs\stage1_30ep\yolov8n_seed123\weights\best.pt	6328810	2026-08-01T04:48:27.311853+00:00	best.pt;suffix:.pt	
filesystem	D:\KaggleResume\notebook082334a7e2\resume_essential_20260801_114559\gwhd_yolo_final\runs\stage1_30ep\yolov8n_seed123\weights\last.pt	6328810	2026-08-01T04:48:30.618705+00:00	last.pt;suffix:.pt	
filesystem	D:\KaggleResume\notebook082334a7e2\resume_essential_20260801_114559\gwhd_yolo_final\runs\stage1_30ep\yolov8n_seed42\weights\best.pt	6328810	2026-08-01T04:48:36.702715+00:00	best.pt;suffix:.pt	
filesystem	D:\KaggleResume\notebook082334a7e2\resume_essential_20260801_114559\gwhd_yolo_final\runs\stage1_30ep\yolov8n_seed42\weights\last.pt	6328810	2026-08-01T04:48:42.466264+00:00	last.pt;suffix:.pt	
filesystem	D:\KaggleResume\notebook082334a7e2\resume_essential_20260801_114559\gwhd_yolo_final\runs\stage1_30ep\yolov8s_seed42\weights\best.pt	22597802	2026-08-01T04:48:50.007629+00:00	best.pt;suffix:.pt	
filesystem	D:\KaggleResume\notebook082334a7e2\resume_essential_20260801_114559\gwhd_yolo_final\runs\stage1_30ep\yolov8s_seed42\weights\last.pt	22597802	2026-08-01T04:48:54.807597+00:00	last.pt;suffix:.pt	
filesystem	D:\KaggleResume\notebook082334a7e2\resume_essential_20260801_114559\gwhd_yolo_final\runs\stage1_30ep\yolov9s_seed42\weights\best.pt	15308233	2026-08-01T04:49:01.326410+00:00	best.pt;suffix:.pt	
filesystem	D:\KaggleResume\notebook082334a7e2\resume_essential_20260801_114559\gwhd_yolo_final\runs\stage1_30ep\yolov9s_seed42\weights\last.pt	15308233	2026-08-01T04:49:07.410423+00:00	last.pt;suffix:.pt	
filesystem	D:\KaggleResume\notebook082334a7e2\resume_essential_20260801_114559\gwhd_yolo_final\runs\stage1_30ep\yolov9t_seed42\weights\best.pt	4717065	2026-08-01T04:49:13.320766+00:00	best.pt;suffix:.pt	
filesystem	D:\KaggleResume\notebook082334a7e2\resume_essential_20260801_114559\gwhd_yolo_final\runs\stage1_30ep\yolov9t_seed42\weights\last.pt	4717065	2026-08-01T04:49:16.340760+00:00	last.pt;suffix:.pt	
filesystem	D:\KaggleResume\notebook082334a7e2\resume_essential_20260801_114559\gwhd_yolo_final\runs\stage2_10ep\yolov5nu_seed123\weights\best.pt	5348034	2026-08-01T04:49:23.264440+00:00	best.pt;suffix:.pt	
filesystem	D:\KaggleResume\notebook082334a7e2\resume_essential_20260801_114559\gwhd_yolo_final\runs\stage2_10ep\yolov5nu_seed123\weights\last.pt	5348034	2026-08-01T04:49:26.469358+00:00	last.pt;suffix:.pt	
filesystem	D:\KaggleResume\notebook082334a7e2\resume_essential_20260801_114559\gwhd_yolo_final\runs\stage2_10ep\yolov5nu_seed3407\weights\best.pt	5348034	2026-08-01T04:49:33.378255+00:00	best.pt;suffix:.pt	
filesystem	D:\KaggleResume\notebook082334a7e2\resume_essential_20260801_114559\gwhd_yolo_final\runs\stage2_10ep\yolov5nu_seed3407\weights\last.pt	5348034	2026-08-01T04:49:39.323239+00:00	last.pt;suffix:.pt	
filesystem	D:\KaggleResume\notebook082334a7e2\resume_essential_20260801_114559\gwhd_yolo_final\runs\stage2_10ep\yolov5nu_seed42\weights\best.pt	5347970	2026-08-01T04:49:45.423295+00:00	best.pt;suffix:.pt	
filesystem	D:\KaggleResume\notebook082334a7e2\resume_essential_20260801_114559\gwhd_yolo_final\runs\stage2_10ep\yolov5nu_seed42\weights\last.pt	5347970	2026-08-01T04:49:48.291497+00:00	last.pt;suffix:.pt	
filesystem	D:\KaggleResume\notebook082334a7e2\resume_essential_20260801_114559\gwhd_yolo_final\runs\stage2_10ep\yolov5su_seed123\weights\best.pt	18596034	2026-08-01T04:49:56.880877+00:00	best.pt;suffix:.pt	
filesystem	D:\KaggleResume\notebook082334a7e2\resume_essential_20260801_114559\gwhd_yolo_final\runs\stage2_10ep\yolov5su_seed123\weights\last.pt	18596034	2026-08-01T04:50:00.418343+00:00	last.pt;suffix:.pt	
filesystem	D:\KaggleResume\notebook082334a7e2\resume_essential_20260801_114559\gwhd_yolo_final\runs\stage2_10ep\yolov5su_seed3407\weights\best.pt	18596034	2026-08-01T04:50:08.836088+00:00	best.pt;suffix:.pt	
filesystem	D:\KaggleResume\notebook082334a7e2\resume_essential_20260801_114559\gwhd_yolo_final\runs\stage2_10ep\yolov5su_seed3407\weights\last.pt	18596034	2026-08-01T04:50:13.641526+00:00	last.pt;suffix:.pt	
filesystem	D:\KaggleResume\notebook082334a7e2\resume_essential_20260801_114559\gwhd_yolo_final\runs\stage2_10ep\yolov5su_seed42\weights\best.pt	18596034	2026-08-01T04:50:20.420337+00:00	best.pt;suffix:.pt	
filesystem	D:\KaggleResume\notebook082334a7e2\resume_essential_20260801_114559\gwhd_yolo_final\runs\stage2_10ep\yolov5su_seed42\weights\last.pt	18596034	2026-08-01T04:50:24.926777+00:00	last.pt;suffix:.pt	
filesystem	D:\KaggleResume\notebook082334a7e2\resume_essential_20260801_114559\gwhd_yolo_final\runs\stage2_10ep\yolov8n_seed123\weights\best.pt	6326378	2026-08-01T04:50:34.885150+00:00	best.pt;suffix:.pt	
filesystem	D:\KaggleResume\notebook082334a7e2\resume_essential_20260801_114559\gwhd_yolo_final\runs\stage2_10ep\yolov8n_seed123\weights\last.pt	6326378	2026-08-01T04:50:38.105451+00:00	last.pt;suffix:.pt	
filesystem	D:\KaggleResume\notebook082334a7e2\resume_essential_20260801_114559\gwhd_yolo_final\runs\stage2_10ep\yolov8n_seed42\weights\best.pt	6326378	2026-08-01T04:50:44.020044+00:00	best.pt;suffix:.pt	
filesystem	D:\KaggleResume\notebook082334a7e2\resume_essential_20260801_114559\gwhd_yolo_final\runs\stage2_10ep\yolov8n_seed42\weights\last.pt	6326378	2026-08-01T04:50:47.569253+00:00	last.pt;suffix:.pt	
filesystem	D:\KaggleResume\notebook082334a7e2\resume_essential_20260801_114559\gwhd_yolo_final\runs\stage2_10ep\yolov8s_seed42\weights\best.pt	22595306	2026-08-01T04:50:56.304322+00:00	best.pt;suffix:.pt	
filesystem	D:\KaggleResume\notebook082334a7e2\resume_essential_20260801_114559\gwhd_yolo_final\runs\stage2_10ep\yolov8s_seed42\weights\last.pt	22595306	2026-08-01T04:51:01.268804+00:00	last.pt;suffix:.pt	
filesystem	D:\KaggleResume\notebook082334a7e2\resume_essential_20260801_114559\gwhd_yolo_final\runs\stage2_10ep\yolov9s_seed42\weights\best.pt	15305737	2026-08-01T04:51:08.032387+00:00	best.pt;suffix:.pt	
filesystem	D:\KaggleResume\notebook082334a7e2\resume_essential_20260801_114559\gwhd_yolo_final\runs\stage2_10ep\yolov9s_seed42\weights\last.pt	15305737	2026-08-01T04:51:14.941341+00:00	last.pt;suffix:.pt	
filesystem	D:\KaggleResume\notebook082334a7e2\resume_essential_20260801_114559\gwhd_yolo_final\runs\stage2_10ep\yolov9t_seed42\weights\best.pt	4714569	2026-08-01T04:51:20.755769+00:00	best.pt;suffix:.pt	
filesystem	D:\KaggleResume\notebook082334a7e2\resume_essential_20260801_114559\gwhd_yolo_final\runs\stage2_10ep\yolov9t_seed42\weights\last.pt	4714569	2026-08-01T04:51:23.921121+00:00	last.pt;suffix:.pt	
filesystem	D:\KaggleResume\notebook082334a7e2\resume_essential_v3_20260802_112747\gwhd_yolo_final\runs\stage1_30ep\yolo11n_seed42\weights\best.pt	5551322	2026-08-02T04:28:51.946159+00:00	best.pt;suffix:.pt	
filesystem	D:\KaggleResume\notebook082334a7e2\resume_essential_v3_20260802_112747\gwhd_yolo_final\runs\stage1_30ep\yolo11n_seed42\weights\last.pt	5551322	2026-08-02T04:28:56.507352+00:00	last.pt;suffix:.pt	
filesystem	D:\KaggleResume\notebook082334a7e2\resume_essential_v3_20260802_112747\gwhd_yolo_final\runs\stage1_30ep\yolo11s_seed42\weights\best.pt	19256474	2026-08-02T04:29:02.981437+00:00	best.pt;suffix:.pt	
filesystem	D:\KaggleResume\notebook082334a7e2\resume_essential_v3_20260802_112747\gwhd_yolo_final\runs\stage1_30ep\yolo11s_seed42\weights\last.pt	19256474	2026-08-02T04:29:08.378661+00:00	last.pt;suffix:.pt	
filesystem	D:\KaggleResume\notebook082334a7e2\resume_essential_v3_20260802_112747\gwhd_yolo_final\runs\stage1_30ep\yolov10n_seed42\weights\best.pt	5831162	2026-08-02T04:29:12.860213+00:00	best.pt;suffix:.pt	
filesystem	D:\KaggleResume\notebook082334a7e2\resume_essential_v3_20260802_112747\gwhd_yolo_final\runs\stage1_30ep\yolov10n_seed42\weights\last.pt	5831162	2026-08-02T04:29:17.273201+00:00	last.pt;suffix:.pt	
filesystem	D:\KaggleResume\notebook082334a7e2\resume_essential_v3_20260802_112747\gwhd_yolo_final\runs\stage1_30ep\yolov10s_seed42\weights\best.pt	16604098	2026-08-02T04:29:22.699794+00:00	best.pt;suffix:.pt	
filesystem	D:\KaggleResume\notebook082334a7e2\resume_essential_v3_20260802_112747\gwhd_yolo_final\runs\stage1_30ep\yolov10s_seed42\weights\last.pt	16604098	2026-08-02T04:29:27.397802+00:00	last.pt;suffix:.pt	
filesystem	D:\KaggleResume\notebook082334a7e2\resume_essential_v3_20260802_112747\gwhd_yolo_final\runs\stage1_30ep\yolov5nu_seed123\weights\best.pt	5350466	2026-08-02T05:03:48.204633+00:00	best.pt;suffix:.pt	
filesystem	D:\KaggleResume\notebook082334a7e2\resume_essential_v3_20260802_112747\gwhd_yolo_final\runs\stage1_30ep\yolov5nu_seed123\weights\last.pt	5350466	2026-08-02T05:04:01.759806+00:00	last.pt;suffix:.pt	
filesystem	D:\KaggleResume\notebook082334a7e2\resume_essential_v3_20260802_112747\gwhd_yolo_final\runs\stage1_30ep\yolov5nu_seed3407\weights\best.pt	5350466	2026-08-02T05:04:10.930366+00:00	best.pt;suffix:.pt	
filesystem	D:\KaggleResume\notebook082334a7e2\resume_essential_v3_20260802_112747\gwhd_yolo_final\runs\stage1_30ep\yolov5nu_seed3407\weights\last.pt	5350466	2026-08-02T05:04:14.069367+00:00	last.pt;suffix:.pt	
filesystem	D:\KaggleResume\notebook082334a7e2\resume_essential_v3_20260802_112747\gwhd_yolo_final\runs\stage1_30ep\yolov5nu_seed42\weights\best.pt	5350466	2026-08-02T05:04:18.832351+00:00	best.pt;suffix:.pt	
filesystem	D:\KaggleResume\notebook082334a7e2\resume_essential_v3_20260802_112747\gwhd_yolo_final\runs\stage1_30ep\yolov5nu_seed42\weights\last.pt	5350466	2026-08-02T05:04:22.245188+00:00	last.pt;suffix:.pt	
filesystem	D:\KaggleResume\notebook082334a7e2\resume_essential_v3_20260802_112747\gwhd_yolo_final\runs\stage1_30ep\yolov5su_seed123\weights\best.pt	18598466	2026-08-02T05:14:23.738833+00:00	best.pt;suffix:.pt	
filesystem	D:\KaggleResume\notebook082334a7e2\resume_essential_v3_20260802_112747\gwhd_yolo_final\runs\stage1_30ep\yolov5su_seed123\weights\last.pt	18598466	2026-08-02T05:14:41.052310+00:00	last.pt;suffix:.pt	
filesystem	D:\KaggleResume\notebook082334a7e2\resume_essential_v3_20260802_112747\gwhd_yolo_final\runs\stage1_30ep\yolov5su_seed3407\weights\best.pt	18598466	2026-08-02T05:15:00.934324+00:00	best.pt;suffix:.pt	
filesystem	D:\KaggleResume\notebook082334a7e2\resume_essential_v3_20260802_112747\gwhd_yolo_final\runs\stage1_30ep\yolov5su_seed3407\weights\last.pt	18598466	2026-08-02T05:15:21.169999+00:00	last.pt;suffix:.pt	
filesystem	D:\KaggleResume\notebook082334a7e2\resume_essential_v3_20260802_112747\gwhd_yolo_final\runs\stage1_30ep\yolov5su_seed42\weights\best.pt	18598466	2026-08-02T05:15:40.537015+00:00	best.pt;suffix:.pt	
filesystem	D:\KaggleResume\notebook082334a7e2\resume_essential_v3_20260802_112747\gwhd_yolo_final\runs\stage1_30ep\yolov5su_seed42\weights\last.pt	18598466	2026-08-02T05:15:48.277040+00:00	last.pt;suffix:.pt	
filesystem	D:\KaggleResume\notebook082334a7e2\resume_essential_v3_20260802_112747\gwhd_yolo_final\runs\stage1_30ep\yolov8n_seed123\weights\best.pt	6328810	2026-08-02T04:30:34.373919+00:00	best.pt;suffix:.pt	
filesystem	D:\KaggleResume\notebook082334a7e2\resume_essential_v3_20260802_112747\gwhd_yolo_final\runs\stage1_30ep\yolov8n_seed123\weights\last.pt	6328810	2026-08-02T04:30:37.353200+00:00	last.pt;suffix:.pt	
filesystem	D:\KaggleResume\notebook082334a7e2\resume_essential_v3_20260802_112747\gwhd_yolo_final\runs\stage1_30ep\yolov8n_seed42\weights\best.pt	6328810	2026-08-02T04:30:41.630204+00:00	best.pt;suffix:.pt	
filesystem	D:\KaggleResume\notebook082334a7e2\resume_essential_v3_20260802_112747\gwhd_yolo_final\runs\stage1_30ep\yolov8n_seed42\weights\last.pt	6328810	2026-08-02T04:30:45.074561+00:00	last.pt;suffix:.pt	
filesystem	D:\KaggleResume\notebook082334a7e2\resume_essential_v3_20260802_112747\gwhd_yolo_final\runs\stage1_30ep\yolov8s_seed42\weights\best.pt	22597802	2026-08-02T04:30:51.557016+00:00	best.pt;suffix:.pt	
filesystem	D:\KaggleResume\notebook082334a7e2\resume_essential_v3_20260802_112747\gwhd_yolo_final\runs\stage1_30ep\yolov8s_seed42\weights\last.pt	22597802	2026-08-02T04:30:57.057970+00:00	last.pt;suffix:.pt	
filesystem	D:\KaggleResume\notebook082334a7e2\resume_essential_v3_20260802_112747\gwhd_yolo_final\runs\stage1_30ep\yolov9s_seed42\weights\best.pt	15308233	2026-08-02T04:31:03.984214+00:00	best.pt;suffix:.pt	
filesystem	D:\KaggleResume\notebook082334a7e2\resume_essential_v3_20260802_112747\gwhd_yolo_final\runs\stage1_30ep\yolov9s_seed42\weights\last.pt	15308233	2026-08-02T04:31:08.827989+00:00	last.pt;suffix:.pt	
filesystem	D:\KaggleResume\notebook082334a7e2\resume_essential_v3_20260802_112747\gwhd_yolo_final\runs\stage1_30ep\yolov9t_seed42\weights\best.pt	4717065	2026-08-02T04:31:14.791894+00:00	best.pt;suffix:.pt	
filesystem	D:\KaggleResume\notebook082334a7e2\resume_essential_v3_20260802_112747\gwhd_yolo_final\runs\stage1_30ep\yolov9t_seed42\weights\last.pt	4717065	2026-08-02T04:31:17.691699+00:00	last.pt;suffix:.pt	
filesystem	D:\KaggleResume\notebook082334a7e2\resume_essential_v3_20260802_112747\gwhd_yolo_final\runs\stage2_10ep\yolo11n_seed42\weights\best.pt	5548826	2026-08-02T04:31:22.374002+00:00	best.pt;suffix:.pt	
filesystem	D:\KaggleResume\notebook082334a7e2\resume_essential_v3_20260802_112747\gwhd_yolo_final\runs\stage2_10ep\yolo11n_seed42\weights\last.pt	5548826	2026-08-02T04:31:25.507746+00:00	last.pt;suffix:.pt	
filesystem	D:\KaggleResume\notebook082334a7e2\resume_essential_v3_20260802_112747\gwhd_yolo_final\runs\stage2_10ep\yolo11s_seed42\weights\best.pt	19254042	2026-08-02T04:31:32.113442+00:00	best.pt;suffix:.pt	
filesystem	D:\KaggleResume\notebook082334a7e2\resume_essential_v3_20260802_112747\gwhd_yolo_final\runs\stage2_10ep\yolo11s_seed42\weights\last.pt	19254042	2026-08-02T04:31:36.861802+00:00	last.pt;suffix:.pt	
filesystem	D:\KaggleResume\notebook082334a7e2\resume_essential_v3_20260802_112747\gwhd_yolo_final\runs\stage2_10ep\yolov10n_seed42\weights\best.pt	5828666	2026-08-02T04:31:41.490564+00:00	best.pt;suffix:.pt	
filesystem	D:\KaggleResume\notebook082334a7e2\resume_essential_v3_20260802_112747\gwhd_yolo_final\runs\stage2_10ep\yolov10n_seed42\weights\last.pt	5828666	2026-08-02T04:31:45.990817+00:00	last.pt;suffix:.pt	
filesystem	D:\KaggleResume\notebook082334a7e2\resume_essential_v3_20260802_112747\gwhd_yolo_final\runs\stage2_10ep\yolov10s_seed42\weights\best.pt	16601602	2026-08-02T04:31:51.616146+00:00	best.pt;suffix:.pt	
filesystem	D:\KaggleResume\notebook082334a7e2\resume_essential_v3_20260802_112747\gwhd_yolo_final\runs\stage2_10ep\yolov10s_seed42\weights\last.pt	16601602	2026-08-02T04:31:56.404240+00:00	last.pt;suffix:.pt	
filesystem	D:\KaggleResume\notebook082334a7e2\resume_essential_v3_20260802_112747\gwhd_yolo_final\runs\stage2_10ep\yolov5nu_seed123\weights\best.pt	5348034	2026-08-02T05:04:36.593066+00:00	best.pt;suffix:.pt	
filesystem	D:\KaggleResume\notebook082334a7e2\resume_essential_v3_20260802_112747\gwhd_yolo_final\runs\stage2_10ep\yolov5nu_seed123\weights\last.pt	5348034	2026-08-02T05:04:40.147780+00:00	last.pt;suffix:.pt	
filesystem	D:\KaggleResume\notebook082334a7e2\resume_essential_v3_20260802_112747\gwhd_yolo_final\runs\stage2_10ep\yolov5nu_seed3407\weights\best.pt	5348034	2026-08-02T05:04:46.811372+00:00	best.pt;suffix:.pt	
filesystem	D:\KaggleResume\notebook082334a7e2\resume_essential_v3_20260802_112747\gwhd_yolo_final\runs\stage2_10ep\yolov5nu_seed3407\weights\last.pt	5348034	2026-08-02T05:04:50.012393+00:00	last.pt;suffix:.pt	
filesystem	D:\KaggleResume\notebook082334a7e2\resume_essential_v3_20260802_112747\gwhd_yolo_final\runs\stage2_10ep\yolov5nu_seed42\weights\best.pt	5347970	2026-08-02T05:04:57.154762+00:00	best.pt;suffix:.pt	
filesystem	D:\KaggleResume\notebook082334a7e2\resume_essential_v3_20260802_112747\gwhd_yolo_final\runs\stage2_10ep\yolov5nu_seed42\weights\last.pt	5347970	2026-08-02T05:05:01.092683+00:00	last.pt;suffix:.pt	
filesystem	D:\KaggleResume\notebook082334a7e2\resume_essential_v3_20260802_112747\gwhd_yolo_final\runs\stage2_10ep\yolov5su_seed123\weights\best.pt	18596034	2026-08-02T05:16:01.830114+00:00	best.pt;suffix:.pt	
filesystem	D:\KaggleResume\notebook082334a7e2\resume_essential_v3_20260802_112747\gwhd_yolo_final\runs\stage2_10ep\yolov5su_seed123\weights\last.pt	18596034	2026-08-02T05:16:06.418529+00:00	last.pt;suffix:.pt	
filesystem	D:\KaggleResume\notebook082334a7e2\resume_essential_v3_20260802_112747\gwhd_yolo_final\runs\stage2_10ep\yolov5su_seed3407\weights\best.pt	18596034	2026-08-02T05:16:23.785243+00:00	best.pt;suffix:.pt	
filesystem	D:\KaggleResume\notebook082334a7e2\resume_essential_v3_20260802_112747\gwhd_yolo_final\runs\stage2_10ep\yolov5su_seed3407\weights\last.pt	18596034	2026-08-02T05:16:31.052058+00:00	last.pt;suffix:.pt	
filesystem	D:\KaggleResume\notebook082334a7e2\resume_essential_v3_20260802_112747\gwhd_yolo_final\runs\stage2_10ep\yolov5su_seed42\weights\best.pt	18596034	2026-08-02T05:16:43.660422+00:00	best.pt;suffix:.pt	
filesystem	D:\KaggleResume\notebook082334a7e2\resume_essential_v3_20260802_112747\gwhd_yolo_final\runs\stage2_10ep\yolov5su_seed42\weights\last.pt	18596034	2026-08-02T05:16:54.300192+00:00	last.pt;suffix:.pt	
filesystem	D:\KaggleResume\notebook082334a7e2\v3_delta_4runs_20260802_131107\gwhd_yolo_final\runs\stage1_30ep\yolov10n_seed42\weights\last.pt	5831162	2026-08-02T06:12:03.450386+00:00	last.pt;suffix:.pt	
filesystem	D:\KaggleResume\notebook082334a7e2\v3_delta_4runs_20260802_131107\gwhd_yolo_final\runs\stage1_30ep\yolov10s_seed42\weights\last.pt	16604098	2026-08-02T06:42:44.882539+00:00	last.pt;suffix:.pt	
filesystem	D:\KaggleResume\notebook082334a7e2\v3_delta_4runs_20260802_131107\gwhd_yolo_final\runs\stage2_10ep\yolov10n_seed42\weights\best.pt	5828666	2026-08-02T06:22:04.115511+00:00	best.pt;suffix:.pt	
filesystem	D:\KaggleResume\notebook082334a7e2\v3_delta_4runs_20260802_131107\gwhd_yolo_final\runs\stage2_10ep\yolov10n_seed42\weights\last.pt	5828666	2026-08-02T06:22:11.078467+00:00	last.pt;suffix:.pt	
filesystem	D:\KaggleResume\notebook082334a7e2\v3_delta_4runs_20260802_131107\gwhd_yolo_final\runs\stage2_10ep\yolov10s_seed42\weights\best.pt	16601602	2026-08-02T06:52:56.577240+00:00	best.pt;suffix:.pt	
filesystem	D:\KaggleResume\notebook082334a7e2\v3_delta_4runs_20260802_131107\gwhd_yolo_final\runs\stage2_10ep\yolov10s_seed42\weights\last.pt	16601602	2026-08-02T06:53:03.574671+00:00	last.pt;suffix:.pt	
filesystem	D:\KaggleResume\notebook6c83ca2e23\latest_output_20260729_205828\gwhd_yolo_final\artifacts\package\weights\yolov5nu_seed123_last.pt	5348034	2026-07-29T14:00:03.814435+00:00	suffix:.pt	
filesystem	D:\KaggleResume\notebook6c83ca2e23\latest_output_20260729_205828\gwhd_yolo_final\artifacts\package\weights\yolov5nu_seed3407_best.pt	5348034	2026-07-29T14:00:06.863653+00:00	suffix:.pt	
filesystem	D:\KaggleResume\notebook6c83ca2e23\latest_output_20260729_205828\gwhd_yolo_final\artifacts\package\weights\yolov5nu_seed3407_last.pt	5348034	2026-07-29T14:00:09.748288+00:00	suffix:.pt	
filesystem	D:\KaggleResume\notebook6c83ca2e23\latest_output_20260729_205828\gwhd_yolo_final\artifacts\package\weights\yolov5nu_seed42_last.pt	5347970	2026-07-29T14:00:13.117458+00:00	suffix:.pt	
filesystem	D:\KaggleResume\notebook6c83ca2e23\latest_output_20260729_205828\gwhd_yolo_final\artifacts\package\weights\yolov5su_seed42_best.pt	18596034	2026-07-29T14:00:20.334612+00:00	suffix:.pt	
filesystem	D:\KaggleResume\notebook6c83ca2e23\latest_output_20260729_205828\gwhd_yolo_final\artifacts\package\weights\yolov5su_seed42_last.pt	18596034	2026-07-29T14:00:25.036226+00:00	suffix:.pt	
filesystem	D:\KaggleResume\notebook6c83ca2e23\latest_output_20260729_205828\gwhd_yolo_final\runs\stage1_30ep\yolov5nu_seed123\weights\best.pt	5350466	2026-07-29T14:02:04.304866+00:00	best.pt;suffix:.pt	
filesystem	D:\KaggleResume\notebook6c83ca2e23\latest_output_20260729_205828\gwhd_yolo_final\runs\stage1_30ep\yolov5nu_seed123\weights\epoch0.pt	10457003	2026-07-29T14:02:07.973211+00:00	suffix:.pt	
filesystem	D:\KaggleResume\notebook6c83ca2e23\latest_output_20260729_205828\gwhd_yolo_final\runs\stage1_30ep\yolov5nu_seed123\weights\epoch10.pt	10458347	2026-07-29T14:02:11.314223+00:00	suffix:.pt	
filesystem	D:\KaggleResume\notebook6c83ca2e23\latest_output_20260729_205828\gwhd_yolo_final\runs\stage1_30ep\yolov5nu_seed123\weights\epoch15.pt	10458987	2026-07-29T14:02:14.859357+00:00	suffix:.pt	
filesystem	D:\KaggleResume\notebook6c83ca2e23\latest_output_20260729_205828\gwhd_yolo_final\runs\stage1_30ep\yolov5nu_seed123\weights\epoch20.pt	10459627	2026-07-29T14:02:18.268490+00:00	suffix:.pt	
filesystem	D:\KaggleResume\notebook6c83ca2e23\latest_output_20260729_205828\gwhd_yolo_final\runs\stage1_30ep\yolov5nu_seed123\weights\epoch25.pt	10460267	2026-07-29T14:02:21.920385+00:00	suffix:.pt	
filesystem	D:\KaggleResume\notebook6c83ca2e23\latest_output_20260729_205828\gwhd_yolo_final\runs\stage1_30ep\yolov5nu_seed123\weights\epoch5.pt	10457707	2026-07-29T14:02:25.507210+00:00	suffix:.pt	
filesystem	D:\KaggleResume\notebook6c83ca2e23\latest_output_20260729_205828\gwhd_yolo_final\runs\stage1_30ep\yolov5nu_seed123\weights\last.pt	5350466	2026-07-29T14:02:28.579974+00:00	last.pt;suffix:.pt	
filesystem	D:\KaggleResume\notebook6c83ca2e23\latest_output_20260729_205828\gwhd_yolo_final\runs\stage1_30ep\yolov5nu_seed3407\weights\best.pt	5350466	2026-07-29T14:02:35.206951+00:00	best.pt;suffix:.pt	
filesystem	D:\KaggleResume\notebook6c83ca2e23\latest_output_20260729_205828\gwhd_yolo_final\runs\stage1_30ep\yolov5nu_seed3407\weights\epoch0.pt	10457003	2026-07-29T14:02:38.618358+00:00	suffix:.pt	
filesystem	D:\KaggleResume\notebook6c83ca2e23\latest_output_20260729_205828\gwhd_yolo_final\runs\stage1_30ep\yolov5nu_seed3407\weights\epoch10.pt	10458347	2026-07-29T14:02:42.253684+00:00	suffix:.pt	
filesystem	D:\KaggleResume\notebook6c83ca2e23\latest_output_20260729_205828\gwhd_yolo_final\runs\stage1_30ep\yolov5nu_seed3407\weights\epoch15.pt	10458987	2026-07-29T14:02:47.173405+00:00	suffix:.pt	
filesystem	D:\KaggleResume\notebook6c83ca2e23\latest_output_20260729_205828\gwhd_yolo_final\runs\stage1_30ep\yolov5nu_seed3407\weights\epoch20.pt	10459627	2026-07-29T14:02:50.710725+00:00	suffix:.pt	
filesystem	D:\KaggleResume\notebook6c83ca2e23\latest_output_20260729_205828\gwhd_yolo_final\runs\stage1_30ep\yolov5nu_seed3407\weights\epoch25.pt	10460267	2026-07-29T14:02:54.016629+00:00	suffix:.pt	
filesystem	D:\KaggleResume\notebook6c83ca2e23\latest_output_20260729_205828\gwhd_yolo_final\runs\stage1_30ep\yolov5nu_seed3407\weights\epoch5.pt	10457707	2026-07-29T14:02:57.481379+00:00	suffix:.pt	
filesystem	D:\KaggleResume\notebook6c83ca2e23\latest_output_20260729_205828\gwhd_yolo_final\runs\stage1_30ep\yolov5nu_seed3407\weights\last.pt	5350466	2026-07-29T14:03:00.471983+00:00	last.pt;suffix:.pt	
filesystem	D:\KaggleResume\notebook6c83ca2e23\latest_output_20260729_205828\gwhd_yolo_final\runs\stage1_30ep\yolov5nu_seed42\weights\best.pt	5350466	2026-07-29T14:03:06.552908+00:00	best.pt;suffix:.pt	
filesystem	D:\KaggleResume\notebook6c83ca2e23\latest_output_20260729_205828\gwhd_yolo_final\runs\stage1_30ep\yolov5nu_seed42\weights\epoch0.pt	10457003	2026-07-29T14:03:10.687044+00:00	suffix:.pt	
filesystem	D:\KaggleResume\notebook6c83ca2e23\latest_output_20260729_205828\gwhd_yolo_final\runs\stage1_30ep\yolov5nu_seed42\weights\epoch10.pt	10458347	2026-07-29T14:03:14.097758+00:00	suffix:.pt	
filesystem	D:\KaggleResume\notebook6c83ca2e23\latest_output_20260729_205828\gwhd_yolo_final\runs\stage1_30ep\yolov5nu_seed42\weights\epoch15.pt	10458987	2026-07-29T14:03:17.631921+00:00	suffix:.pt	
filesystem	D:\KaggleResume\notebook6c83ca2e23\latest_output_20260729_205828\gwhd_yolo_final\runs\stage1_30ep\yolov5nu_seed42\weights\epoch20.pt	10459627	2026-07-29T14:03:20.696520+00:00	suffix:.pt	
filesystem	D:\KaggleResume\notebook6c83ca2e23\latest_output_20260729_205828\gwhd_yolo_final\runs\stage1_30ep\yolov5nu_seed42\weights\epoch25.pt	10460267	2026-07-29T14:03:24.555157+00:00	suffix:.pt	
filesystem	D:\KaggleResume\notebook6c83ca2e23\latest_output_20260729_205828\gwhd_yolo_final\runs\stage1_30ep\yolov5nu_seed42\weights\epoch5.pt	10457707	2026-07-29T14:03:28.127352+00:00	suffix:.pt	
filesystem	D:\KaggleResume\notebook6c83ca2e23\latest_output_20260729_205828\gwhd_yolo_final\runs\stage1_30ep\yolov5nu_seed42\weights\last.pt	5350466	2026-07-29T14:03:30.784637+00:00	last.pt;suffix:.pt	
filesystem	D:\KaggleResume\notebook6c83ca2e23\latest_output_20260729_205828\gwhd_yolo_final\runs\stage1_30ep\yolov5su_seed42\weights\best.pt	18598466	2026-07-29T14:03:36.855481+00:00	best.pt;suffix:.pt	
filesystem	D:\KaggleResume\notebook6c83ca2e23\latest_output_20260729_205828\gwhd_yolo_final\runs\stage1_30ep\yolov5su_seed42\weights\epoch0.pt	36934379	2026-07-29T14:03:49.483078+00:00	suffix:.pt	
filesystem	D:\KaggleResume\notebook6c83ca2e23\latest_output_20260729_205828\gwhd_yolo_final\runs\stage1_30ep\yolov5su_seed42\weights\epoch10.pt	36935659	2026-07-29T14:03:56.437665+00:00	suffix:.pt	
filesystem	D:\KaggleResume\notebook6c83ca2e23\latest_output_20260729_205828\gwhd_yolo_final\runs\stage1_30ep\yolov5su_seed42\weights\epoch15.pt	36936299	2026-07-29T14:04:04.148294+00:00	suffix:.pt	
filesystem	D:\KaggleResume\notebook6c83ca2e23\latest_output_20260729_205828\gwhd_yolo_final\runs\stage1_30ep\yolov5su_seed42\weights\epoch20.pt	36936939	2026-07-29T14:04:11.099466+00:00	suffix:.pt	
filesystem	D:\KaggleResume\notebook6c83ca2e23\latest_output_20260729_205828\gwhd_yolo_final\runs\stage1_30ep\yolov5su_seed42\weights\epoch25.pt	36937579	2026-07-29T14:04:22.482480+00:00	suffix:.pt	
filesystem	D:\KaggleResume\notebook6c83ca2e23\latest_output_20260729_205828\gwhd_yolo_final\runs\stage1_30ep\yolov5su_seed42\weights\epoch5.pt	36935019	2026-07-29T14:04:29.722059+00:00	suffix:.pt	
filesystem	D:\KaggleResume\notebook6c83ca2e23\latest_output_20260729_205828\gwhd_yolo_final\runs\stage1_30ep\yolov5su_seed42\weights\last.pt	18598466	2026-07-29T14:04:34.540037+00:00	last.pt;suffix:.pt	
filesystem	D:\KaggleResume\notebook6c83ca2e23\latest_output_20260729_205828\gwhd_yolo_final\runs\stage2_10ep\yolov5nu_seed123\weights\best.pt	5348034	2026-07-29T14:04:39.543389+00:00	best.pt;suffix:.pt	
filesystem	D:\KaggleResume\notebook6c83ca2e23\latest_output_20260729_205828\gwhd_yolo_final\runs\stage2_10ep\yolov5nu_seed123\weights\epoch0.pt	10457131	2026-07-29T14:04:42.758008+00:00	suffix:.pt	
filesystem	D:\KaggleResume\notebook6c83ca2e23\latest_output_20260729_205828\gwhd_yolo_final\runs\stage2_10ep\yolov5nu_seed123\weights\epoch5.pt	10457771	2026-07-29T14:04:46.117748+00:00	suffix:.pt	
filesystem	D:\KaggleResume\notebook6c83ca2e23\latest_output_20260729_205828\gwhd_yolo_final\runs\stage2_10ep\yolov5nu_seed123\weights\last.pt	5348034	2026-07-29T14:04:52.393211+00:00	last.pt;suffix:.pt	
filesystem	D:\KaggleResume\notebook6c83ca2e23\latest_output_20260729_205828\gwhd_yolo_final\runs\stage2_10ep\yolov5nu_seed3407\weights\best.pt	5348034	2026-07-29T14:04:56.880002+00:00	best.pt;suffix:.pt	
filesystem	D:\KaggleResume\notebook6c83ca2e23\latest_output_20260729_205828\gwhd_yolo_final\runs\stage2_10ep\yolov5nu_seed3407\weights\epoch0.pt	10457131	2026-07-29T14:05:00.329843+00:00	suffix:.pt	
filesystem	D:\KaggleResume\notebook6c83ca2e23\latest_output_20260729_205828\gwhd_yolo_final\runs\stage2_10ep\yolov5nu_seed3407\weights\epoch5.pt	10457771	2026-07-29T14:05:04.105965+00:00	suffix:.pt	
filesystem	D:\KaggleResume\notebook6c83ca2e23\latest_output_20260729_205828\gwhd_yolo_final\runs\stage2_10ep\yolov5nu_seed3407\weights\last.pt	5348034	2026-07-29T14:05:07.207563+00:00	last.pt;suffix:.pt	
filesystem	D:\KaggleResume\notebook6c83ca2e23\latest_output_20260729_205828\gwhd_yolo_final\runs\stage2_10ep\yolov5nu_seed42\weights\best.pt	5347970	2026-07-29T14:05:11.884889+00:00	best.pt;suffix:.pt	
filesystem	D:\KaggleResume\notebook6c83ca2e23\latest_output_20260729_205828\gwhd_yolo_final\runs\stage2_10ep\yolov5nu_seed42\weights\epoch0.pt	10457131	2026-07-29T14:05:16.913494+00:00	suffix:.pt	
filesystem	D:\KaggleResume\notebook6c83ca2e23\latest_output_20260729_205828\gwhd_yolo_final\runs\stage2_10ep\yolov5nu_seed42\weights\epoch5.pt	10457771	2026-07-29T14:05:24.699370+00:00	suffix:.pt	
filesystem	D:\KaggleResume\notebook6c83ca2e23\latest_output_20260729_205828\gwhd_yolo_final\runs\stage2_10ep\yolov5nu_seed42\weights\last.pt	5347970	2026-07-29T14:05:27.970191+00:00	last.pt;suffix:.pt	
filesystem	D:\KaggleResume\notebook6c83ca2e23\latest_output_20260729_205828\gwhd_yolo_final\runs\stage2_10ep\yolov5su_seed42\weights\best.pt	18596034	2026-07-29T14:05:35.047639+00:00	best.pt;suffix:.pt	
filesystem	D:\KaggleResume\notebook6c83ca2e23\latest_output_20260729_205828\gwhd_yolo_final\runs\stage2_10ep\yolov5su_seed42\weights\epoch0.pt	36934507	2026-07-29T14:05:42.324460+00:00	suffix:.pt	
filesystem	D:\KaggleResume\notebook6c83ca2e23\latest_output_20260729_205828\gwhd_yolo_final\runs\stage2_10ep\yolov5su_seed42\weights\epoch5.pt	36935147	2026-07-29T14:05:49.433169+00:00	suffix:.pt	
filesystem	D:\KaggleResume\notebook6c83ca2e23\latest_output_20260729_205828\gwhd_yolo_final\runs\stage2_10ep\yolov5su_seed42\weights\last.pt	18596034	2026-07-29T14:06:11.186784+00:00	last.pt;suffix:.pt	
filesystem	D:\KaggleResume\notebook6c83ca2e23\resume_essential_20260729_220613\gwhd_yolo_final\runs\stage1_30ep\yolov5nu_seed123\weights\best.pt	5350466	2026-07-29T15:06:38.000504+00:00	best.pt;suffix:.pt	
filesystem	D:\KaggleResume\notebook6c83ca2e23\resume_essential_20260729_220613\gwhd_yolo_final\runs\stage1_30ep\yolov5nu_seed123\weights\last.pt	5350466	2026-07-29T15:06:41.307550+00:00	last.pt;suffix:.pt	
filesystem	D:\KaggleResume\notebook6c83ca2e23\resume_essential_20260729_220613\gwhd_yolo_final\runs\stage1_30ep\yolov5nu_seed3407\weights\best.pt	5350466	2026-07-29T15:06:45.559959+00:00	best.pt;suffix:.pt	
filesystem	D:\KaggleResume\notebook6c83ca2e23\resume_essential_20260729_220613\gwhd_yolo_final\runs\stage1_30ep\yolov5nu_seed3407\weights\last.pt	5350466	2026-07-29T15:06:49.720992+00:00	last.pt;suffix:.pt	
filesystem	D:\KaggleResume\notebook6c83ca2e23\resume_essential_20260729_220613\gwhd_yolo_final\runs\stage1_30ep\yolov5nu_seed42\weights\best.pt	5350466	2026-07-29T15:06:54.428108+00:00	best.pt;suffix:.pt	
filesystem	D:\KaggleResume\notebook6c83ca2e23\resume_essential_20260729_220613\gwhd_yolo_final\runs\stage1_30ep\yolov5nu_seed42\weights\last.pt	5350466	2026-07-29T15:06:57.382017+00:00	last.pt;suffix:.pt	
filesystem	D:\KaggleResume\notebook6c83ca2e23\resume_essential_20260729_220613\gwhd_yolo_final\runs\stage1_30ep\yolov5su_seed42\weights\best.pt	18598466	2026-07-29T15:07:04.751895+00:00	best.pt;suffix:.pt	
filesystem	D:\KaggleResume\notebook6c83ca2e23\resume_essential_20260729_220613\gwhd_yolo_final\runs\stage1_30ep\yolov5su_seed42\weights\last.pt	18598466	2026-07-29T15:07:11.169399+00:00	last.pt;suffix:.pt	
filesystem	D:\KaggleResume\notebook6c83ca2e23\resume_essential_20260729_220613\gwhd_yolo_final\runs\stage2_10ep\yolov5nu_seed123\weights\best.pt	5348034	2026-07-29T15:07:15.803807+00:00	best.pt;suffix:.pt	
filesystem	D:\KaggleResume\notebook6c83ca2e23\resume_essential_20260729_220613\gwhd_yolo_final\runs\stage2_10ep\yolov5nu_seed123\weights\last.pt	5348034	2026-07-29T15:07:18.761169+00:00	last.pt;suffix:.pt	
filesystem	D:\KaggleResume\notebook6c83ca2e23\resume_essential_20260729_220613\gwhd_yolo_final\runs\stage2_10ep\yolov5nu_seed3407\weights\best.pt	5348034	2026-07-29T15:07:23.485072+00:00	best.pt;suffix:.pt	
filesystem	D:\KaggleResume\notebook6c83ca2e23\resume_essential_20260729_220613\gwhd_yolo_final\runs\stage2_10ep\yolov5nu_seed3407\weights\last.pt	5348034	2026-07-29T15:07:26.455146+00:00	last.pt;suffix:.pt	
filesystem	D:\KaggleResume\notebook6c83ca2e23\resume_essential_20260729_220613\gwhd_yolo_final\runs\stage2_10ep\yolov5nu_seed42\weights\best.pt	5347970	2026-07-29T15:07:31.414631+00:00	best.pt;suffix:.pt	
filesystem	D:\KaggleResume\notebook6c83ca2e23\resume_essential_20260729_220613\gwhd_yolo_final\runs\stage2_10ep\yolov5nu_seed42\weights\last.pt	5347970	2026-07-29T15:07:34.376955+00:00	last.pt;suffix:.pt	
filesystem	D:\KaggleResume\notebook6c83ca2e23\resume_essential_20260729_220613\gwhd_yolo_final\runs\stage2_10ep\yolov5su_seed42\weights\best.pt	18596034	2026-07-29T15:07:40.699093+00:00	best.pt;suffix:.pt	
filesystem	D:\KaggleResume\notebook6c83ca2e23\resume_essential_20260729_220613\gwhd_yolo_final\runs\stage2_10ep\yolov5su_seed42\weights\last.pt	18596034	2026-07-29T15:07:45.519737+00:00	last.pt;suffix:.pt	
filesystem	D:\KaggleResume\notebook6c83ca2e23\resume_essential_20260729_221037\gwhd_yolo_final\runs\stage1_30ep\yolov5nu_seed123\weights\best.pt	5350466	2026-07-29T15:10:59.497627+00:00	best.pt;suffix:.pt	
filesystem	D:\KaggleResume\notebook6c83ca2e23\resume_essential_20260729_221037\gwhd_yolo_final\runs\stage1_30ep\yolov5nu_seed123\weights\last.pt	5350466	2026-07-29T15:11:02.363717+00:00	last.pt;suffix:.pt	
filesystem	D:\KaggleResume\notebook6c83ca2e23\resume_essential_20260729_221037\gwhd_yolo_final\runs\stage1_30ep\yolov5nu_seed3407\weights\best.pt	5350466	2026-07-29T15:11:06.668002+00:00	best.pt;suffix:.pt	
filesystem	D:\KaggleResume\notebook6c83ca2e23\resume_essential_20260729_221037\gwhd_yolo_final\runs\stage1_30ep\yolov5nu_seed3407\weights\last.pt	5350466	2026-07-29T15:11:10.634625+00:00	last.pt;suffix:.pt	
filesystem	D:\KaggleResume\notebook6c83ca2e23\resume_essential_20260729_221037\gwhd_yolo_final\runs\stage1_30ep\yolov5nu_seed42\weights\best.pt	5350466	2026-07-29T15:11:15.151443+00:00	best.pt;suffix:.pt	
filesystem	D:\KaggleResume\notebook6c83ca2e23\resume_essential_20260729_221037\gwhd_yolo_final\runs\stage1_30ep\yolov5nu_seed42\weights\last.pt	5350466	2026-07-29T15:11:18.308167+00:00	last.pt;suffix:.pt	
filesystem	D:\KaggleResume\notebook6c83ca2e23\resume_essential_20260729_221037\gwhd_yolo_final\runs\stage1_30ep\yolov5su_seed42\weights\best.pt	18598466	2026-07-29T15:11:24.352802+00:00	best.pt;suffix:.pt	
filesystem	D:\KaggleResume\notebook6c83ca2e23\resume_essential_20260729_221037\gwhd_yolo_final\runs\stage1_30ep\yolov5su_seed42\weights\last.pt	18598466	2026-07-29T15:11:31.087048+00:00	last.pt;suffix:.pt	
filesystem	D:\KaggleResume\notebook6c83ca2e23\resume_essential_20260729_221037\gwhd_yolo_final\runs\stage2_10ep\yolov5nu_seed123\weights\best.pt	5348034	2026-07-29T15:11:35.869446+00:00	best.pt;suffix:.pt	
filesystem	D:\KaggleResume\notebook6c83ca2e23\resume_essential_20260729_221037\gwhd_yolo_final\runs\stage2_10ep\yolov5nu_seed123\weights\last.pt	5348034	2026-07-29T15:11:39.202567+00:00	last.pt;suffix:.pt	
filesystem	D:\KaggleResume\notebook6c83ca2e23\resume_essential_20260729_221037\gwhd_yolo_final\runs\stage2_10ep\yolov5nu_seed3407\weights\best.pt	5348034	2026-07-29T15:11:43.846323+00:00	best.pt;suffix:.pt	
filesystem	D:\KaggleResume\notebook6c83ca2e23\resume_essential_20260729_221037\gwhd_yolo_final\runs\stage2_10ep\yolov5nu_seed3407\weights\last.pt	5348034	2026-07-29T15:11:46.654779+00:00	last.pt;suffix:.pt	
filesystem	D:\KaggleResume\notebook6c83ca2e23\resume_essential_20260729_221037\gwhd_yolo_final\runs\stage2_10ep\yolov5nu_seed42\weights\best.pt	5347970	2026-07-29T15:11:51.446679+00:00	best.pt;suffix:.pt	
filesystem	D:\KaggleResume\notebook6c83ca2e23\resume_essential_20260729_221037\gwhd_yolo_final\runs\stage2_10ep\yolov5nu_seed42\weights\last.pt	5347970	2026-07-29T15:11:55.915034+00:00	last.pt;suffix:.pt	
filesystem	D:\KaggleResume\notebook6c83ca2e23\resume_essential_20260729_221037\gwhd_yolo_final\runs\stage2_10ep\yolov5su_seed42\weights\best.pt	18596034	2026-07-29T15:12:02.668926+00:00	best.pt;suffix:.pt	
filesystem	D:\KaggleResume\notebook6c83ca2e23\resume_essential_20260729_221037\gwhd_yolo_final\runs\stage2_10ep\yolov5su_seed42\weights\last.pt	18596034	2026-07-29T15:12:06.824196+00:00	last.pt;suffix:.pt	
filesystem	D:\KaggleResume\notebookcdcead3845\resume_essential_20260731_175246\gwhd_yolo_final\runs\stage1_30ep\yolov5nu_seed123\weights\best.pt	5350466	2026-07-31T10:53:19.084824+00:00	best.pt;suffix:.pt	
filesystem	D:\KaggleResume\notebookcdcead3845\resume_essential_20260731_175246\gwhd_yolo_final\runs\stage1_30ep\yolov5nu_seed123\weights\last.pt	5350466	2026-07-31T10:53:22.086415+00:00	last.pt;suffix:.pt	
filesystem	D:\KaggleResume\notebookcdcead3845\resume_essential_20260731_175246\gwhd_yolo_final\runs\stage1_30ep\yolov5nu_seed3407\weights\best.pt	5350466	2026-07-31T10:53:29.371755+00:00	best.pt;suffix:.pt	
filesystem	D:\KaggleResume\notebookcdcead3845\resume_essential_20260731_175246\gwhd_yolo_final\runs\stage1_30ep\yolov5nu_seed3407\weights\last.pt	5350466	2026-07-31T10:53:32.714798+00:00	last.pt;suffix:.pt	
filesystem	D:\KaggleResume\notebookcdcead3845\resume_essential_20260731_175246\gwhd_yolo_final\runs\stage1_30ep\yolov5nu_seed42\weights\best.pt	5350466	2026-07-31T10:53:37.697729+00:00	best.pt;suffix:.pt	
filesystem	D:\KaggleResume\notebookcdcead3845\resume_essential_20260731_175246\gwhd_yolo_final\runs\stage1_30ep\yolov5nu_seed42\weights\last.pt	5350466	2026-07-31T10:53:39.867560+00:00	last.pt;suffix:.pt	
filesystem	D:\KaggleResume\notebookcdcead3845\resume_essential_20260731_175246\gwhd_yolo_final\runs\stage1_30ep\yolov5su_seed123\weights\best.pt	18598466	2026-07-31T10:53:46.359582+00:00	best.pt;suffix:.pt	
filesystem	D:\KaggleResume\notebookcdcead3845\resume_essential_20260731_175246\gwhd_yolo_final\runs\stage1_30ep\yolov5su_seed123\weights\last.pt	18598466	2026-07-31T10:53:55.002699+00:00	last.pt;suffix:.pt	
filesystem	D:\KaggleResume\notebookcdcead3845\resume_essential_20260731_175246\gwhd_yolo_final\runs\stage1_30ep\yolov5su_seed3407\weights\best.pt	18598466	2026-07-31T10:54:02.915327+00:00	best.pt;suffix:.pt	
filesystem	D:\KaggleResume\notebookcdcead3845\resume_essential_20260731_175246\gwhd_yolo_final\runs\stage1_30ep\yolov5su_seed3407\weights\last.pt	18598466	2026-07-31T10:54:06.819906+00:00	last.pt;suffix:.pt	
filesystem	D:\KaggleResume\notebookcdcead3845\resume_essential_20260731_175246\gwhd_yolo_final\runs\stage1_30ep\yolov5su_seed42\weights\best.pt	18598466	2026-07-31T10:54:12.773085+00:00	best.pt;suffix:.pt	
filesystem	D:\KaggleResume\notebookcdcead3845\resume_essential_20260731_175246\gwhd_yolo_final\runs\stage1_30ep\yolov5su_seed42\weights\last.pt	18598466	2026-07-31T10:54:18.518274+00:00	last.pt;suffix:.pt	
filesystem	D:\KaggleResume\notebookcdcead3845\resume_essential_20260731_175246\gwhd_yolo_final\runs\stage1_30ep\yolov8n_seed123\weights\best.pt	6328810	2026-07-31T10:54:23.373008+00:00	best.pt;suffix:.pt	
filesystem	D:\KaggleResume\notebookcdcead3845\resume_essential_20260731_175246\gwhd_yolo_final\runs\stage1_30ep\yolov8n_seed123\weights\last.pt	6328810	2026-07-31T10:54:29.419509+00:00	last.pt;suffix:.pt	
filesystem	D:\KaggleResume\notebookcdcead3845\resume_essential_20260731_175246\gwhd_yolo_final\runs\stage1_30ep\yolov8n_seed42\weights\best.pt	6328810	2026-07-31T10:54:34.086225+00:00	best.pt;suffix:.pt	
filesystem	D:\KaggleResume\notebookcdcead3845\resume_essential_20260731_175246\gwhd_yolo_final\runs\stage1_30ep\yolov8n_seed42\weights\last.pt	6328810	2026-07-31T10:54:36.979435+00:00	last.pt;suffix:.pt	
filesystem	D:\KaggleResume\notebookcdcead3845\resume_essential_20260731_175246\gwhd_yolo_final\runs\stage2_10ep\yolov5nu_seed123\weights\best.pt	5348034	2026-07-31T10:54:41.717871+00:00	best.pt;suffix:.pt	
filesystem	D:\KaggleResume\notebookcdcead3845\resume_essential_20260731_175246\gwhd_yolo_final\runs\stage2_10ep\yolov5nu_seed123\weights\last.pt	5348034	2026-07-31T10:54:45.012455+00:00	last.pt;suffix:.pt	
filesystem	D:\KaggleResume\notebookcdcead3845\resume_essential_20260731_175246\gwhd_yolo_final\runs\stage2_10ep\yolov5nu_seed3407\weights\best.pt	5348034	2026-07-31T10:54:49.418892+00:00	best.pt;suffix:.pt	
filesystem	D:\KaggleResume\notebookcdcead3845\resume_essential_20260731_175246\gwhd_yolo_final\runs\stage2_10ep\yolov5nu_seed3407\weights\last.pt	5348034	2026-07-31T10:54:52.294510+00:00	last.pt;suffix:.pt	
filesystem	D:\KaggleResume\notebookcdcead3845\resume_essential_20260731_175246\gwhd_yolo_final\runs\stage2_10ep\yolov5nu_seed42\weights\best.pt	5347970	2026-07-31T10:54:58.167413+00:00	best.pt;suffix:.pt	
filesystem	D:\KaggleResume\notebookcdcead3845\resume_essential_20260731_175246\gwhd_yolo_final\runs\stage2_10ep\yolov5nu_seed42\weights\last.pt	5347970	2026-07-31T10:55:01.461047+00:00	last.pt;suffix:.pt	
filesystem	D:\KaggleResume\notebookcdcead3845\resume_essential_20260731_175246\gwhd_yolo_final\runs\stage2_10ep\yolov5su_seed123\weights\best.pt	18596034	2026-07-31T10:55:07.298425+00:00	best.pt;suffix:.pt	
filesystem	D:\KaggleResume\notebookcdcead3845\resume_essential_20260731_175246\gwhd_yolo_final\runs\stage2_10ep\yolov5su_seed123\weights\last.pt	18596034	2026-07-31T10:55:10.791115+00:00	last.pt;suffix:.pt	
filesystem	D:\KaggleResume\notebookcdcead3845\resume_essential_20260731_175246\gwhd_yolo_final\runs\stage2_10ep\yolov5su_seed3407\weights\best.pt	18596034	2026-07-31T10:55:16.745985+00:00	best.pt;suffix:.pt	
filesystem	D:\KaggleResume\notebookcdcead3845\resume_essential_20260731_175246\gwhd_yolo_final\runs\stage2_10ep\yolov5su_seed3407\weights\last.pt	18596034	2026-07-31T10:55:22.537041+00:00	last.pt;suffix:.pt	
filesystem	D:\KaggleResume\notebookcdcead3845\resume_essential_20260731_175246\gwhd_yolo_final\runs\stage2_10ep\yolov5su_seed42\weights\best.pt	18596034	2026-07-31T10:55:28.316465+00:00	best.pt;suffix:.pt	
filesystem	D:\KaggleResume\notebookcdcead3845\resume_essential_20260731_175246\gwhd_yolo_final\runs\stage2_10ep\yolov5su_seed42\weights\last.pt	18596034	2026-07-31T10:55:34.011179+00:00	last.pt;suffix:.pt	
filesystem	D:\KaggleResume\notebookcdcead3845\resume_essential_20260731_175246\gwhd_yolo_final\runs\stage2_10ep\yolov8n_seed123\weights\best.pt	6326378	2026-07-31T10:55:39.050463+00:00	best.pt;suffix:.pt	
filesystem	D:\KaggleResume\notebookcdcead3845\resume_essential_20260731_175246\gwhd_yolo_final\runs\stage2_10ep\yolov8n_seed123\weights\last.pt	6326378	2026-07-31T10:55:43.506087+00:00	last.pt;suffix:.pt	
filesystem	D:\KaggleResume\notebookcdcead3845\resume_essential_20260731_175246\gwhd_yolo_final\runs\stage2_10ep\yolov8n_seed42\weights\best.pt	6326378	2026-07-31T10:55:48.024123+00:00	best.pt;suffix:.pt	
filesystem	D:\KaggleResume\notebookcdcead3845\resume_essential_20260731_175246\gwhd_yolo_final\runs\stage2_10ep\yolov8n_seed42\weights\last.pt	6326378	2026-07-31T10:55:50.027247+00:00	last.pt;suffix:.pt	
git_object	git:e5326981c7843756044d1dcc25cc5b4f4ce55b08:.tmp/baseline_noise/runs/yolo11n-seg_shrimp_seg_stratified_grouped_specimen_seed42_stratified_grouped_specimen_yolo11n-seg_clean_light_yolo_aug/weights/best.pt	6012068		best.pt;suffix:.pt	
git_object	git:936111849dc4c4b4e6e4c7f43993e3789af90702:.tmp/baseline_noise/runs/yolo11n-seg_shrimp_seg_stratified_grouped_specimen_seed42_stratified_grouped_specimen_yolo11n-seg_clean_light_yolo_aug/weights/last.pt	6012068		last.pt;suffix:.pt	
git_object	git:ed45ec4b42075c14c4457e80b4a4b981f8435d4e:.tmp/simam_noise/noise_ablation_v3_run_baseline/weights/best.pt	6009892		best.pt;suffix:.pt;tokens:simam	
git_object	git:52f7295a68ba1789194b8bbb13ca72792841987d:.tmp/simam_noise/noise_ablation_v3_run_baseline/weights/last.pt	6009892		last.pt;suffix:.pt;tokens:simam	
git_object	git:7adfe89f04a2201e944da3302802b4762109a28f:.tmp/simam_noise/noise_ablation_v3_run_simam_ca/weights/best.pt	6052863		best.pt;suffix:.pt;tokens:simam	
git_object	git:3c25676cbb473ae61a858cfa90e9e1ee474256f7:.tmp/simam_noise/noise_ablation_v3_run_simam_ca/weights/last.pt	6052863		last.pt;suffix:.pt;tokens:simam	
git_object	git:72c2285eeccc275882e09a6f872ac76f2ca70ff9:LiteRT-for-Android/app/src/main/assets/yolo26m_asl_ldam_simam_dcfr_fp16.tflite	20767070		deployment_export:.tflite;tokens:asl,ldam,simam,dcfr,yolo26m	
git_object	git:deb7b8acd7e72f2280e8e7fcdf62456c3c1272dd:LiteRT-for-Android/app/src/main/assets/yolo26m_asl_ldam_simam_dcfr_fp32.tflite	41443690		deployment_export:.tflite;tokens:asl,ldam,simam,dcfr,yolo26m	
git_object	git:739c793f2d4bd60ca4b6783e88013be1625b899a:LiteRT-for-Android/app/src/main/assets/yolo26m_cls_best_float32.tflite	41443820		deployment_export:.tflite;tokens:yolo26m	
git_object	git:98b03bbaa70221ea7a0313f6ebf397e20042ccc3:mobile_accuracy_optimization/yolo_runs/yolo26n-cls/weights/best.pt	3192194		best.pt;suffix:.pt	
git_object	git:85ec04095216cc3e109d4b602bf6a5c9ece7bb8c:mobile_accuracy_optimization/yolo_runs/yolo26n-cls/weights/last.pt	3192194		last.pt;suffix:.pt	
git_object	git:839638875476807e79be063469a3f9f28ab40a89:checkpoints/yolo11s_baseline_best.pt	133		suffix:.pt	
git_object	git:d1c23ccc0c8c2687e64bad219d4a46c693047229:checkpoints/yolo11s_recsra_best.pt	133		suffix:.pt	
git_object	git:6a23e7eed39de7faea738d69765ab7eb819d5ec3:checkpoints/yolo11s_recsra_last.pt	133		suffix:.pt	
git_object	git:66fdab13eabb99275c2eb42b068731b813c43176:archived/augmentation_research/baseline_opt/super_paper_fix_leakage_fourier_fair_optimization/different_seeds_justify_split_quality/plain_random_seed_123/best (7).pt	6014628		suffix:.pt	
git_object	git:25ab10396489102c26850db6561d12a6c3ad1915:archived/augmentation_research/baseline_opt/super_paper_fix_leakage_fourier_fair_optimization/different_seeds_justify_split_quality/plain_random_seed_3047/best (7).pt	6014628		suffix:.pt	
git_object	git:a4fd145e916d4303e2d6366146a1b95a9fa4239d:archived/augmentation_research/baseline_opt/super_paper_fix_leakage_fourier_fair_optimization/different_seeds_justify_split_quality/plain_random_seed_42/best (7).pt	6014628		suffix:.pt	
git_object	git:129eab0a7f584298b8f7a3be1f1af14c275a23ec:archived/augmentation_research/baseline_opt/super_paper_fix_leakage_fourier_fair_optimization/different_seeds_justify_split_quality/strat_group_split_seeds/segment/yolo11n-seg_shrimp_seg_stratified_grouped_specimen_seed123_stratified_grouped_specimen_yolo11n-seg_clean_light_yolo_aug/weights/best.pt	6012964		best.pt;suffix:.pt	
git_object	git:fcc9d94377d9765839b1d1273ef765f49f068477:archived/augmentation_research/baseline_opt/super_paper_fix_leakage_fourier_fair_optimization/different_seeds_justify_split_quality/strat_group_split_seeds/segment/yolo11n-seg_shrimp_seg_stratified_grouped_specimen_seed123_stratified_grouped_specimen_yolo11n-seg_clean_light_yolo_aug/weights/last.pt	6012964		last.pt;suffix:.pt	
git_object	git:ef91152a92f75692ca6759c16a278f04c86e286a:archived/augmentation_research/baseline_opt/super_paper_fix_leakage_fourier_fair_optimization/different_seeds_justify_split_quality/strat_group_split_seeds/segment/yolo11n-seg_shrimp_seg_stratified_grouped_specimen_seed3407_stratified_grouped_specimen_yolo11n-seg_clean_light_yolo_aug/weights/best.pt	6011108		best.pt;suffix:.pt	
git_object	git:f674900b56a7015da9ec470f5a2e4ad68c469ad0:archived/augmentation_research/baseline_opt/super_paper_fix_leakage_fourier_fair_optimization/different_seeds_justify_split_quality/strat_group_split_seeds/segment/yolo11n-seg_shrimp_seg_stratified_grouped_specimen_seed3407_stratified_grouped_specimen_yolo11n-seg_clean_light_yolo_aug/weights/last.pt	6011108		last.pt;suffix:.pt	
git_object	git:d07201eb9b22d0c90ec834807ff3109dfeb03d7d:archived/augmentation_research/baseline_opt/super_paper_fix_leakage_fourier_fair_optimization/different_seeds_justify_split_quality/strat_group_split_seeds/segment/yolo11n-seg_shrimp_seg_stratified_grouped_specimen_seed42_stratified_grouped_specimen_yolo11n-seg_clean_light_yolo_aug/weights/best.pt	6012068		best.pt;suffix:.pt	
git_object	git:8316758b64a91bdcf0cdd9a7b104f0671615c3d8:archived/augmentation_research/baseline_opt/super_paper_fix_leakage_fourier_fair_optimization/different_seeds_justify_split_quality/strat_group_split_seeds/segment/yolo11n-seg_shrimp_seg_stratified_grouped_specimen_seed42_stratified_grouped_specimen_yolo11n-seg_clean_light_yolo_aug/weights/last.pt	6012068		last.pt;suffix:.pt	
git_object	git:65c786d7b132f8d1ba14f48a9c1b317ea9b9185b:archived/augmentation_research/baseline_opt/super_paper_fix_leakage_fourier_fair_optimization/different_seeds_justify_split_quality/strat_random_seed_123/best (7).pt	6014628		suffix:.pt	
git_object	git:0abb76f446bd553e7a2b33d154be5a10db11c570:archived/augmentation_research/baseline_opt/super_paper_fix_leakage_fourier_fair_optimization/different_seeds_justify_split_quality/strat_random_seed_3047/best (7).pt	6014628		suffix:.pt	
git_object	git:49f677bab210e32f36f33a9a02f8428d868adcb2:archived/augmentation_research/baseline_opt/super_paper_fix_leakage_fourier_fair_optimization/different_seeds_justify_split_quality/strat_random_seed_42/best (7).pt	6014628		suffix:.pt	
git_object	git:31a0b45d98f9a03de00f526bd73f074ba9bf0363:archived/augmentation_research/baseline_opt/super_paper_fix_leakage_fourier_fair_optimization/model-sweep-strat-group-split/segment (1)/yolo11n-seg_shrimp_seg_stratified_grouped_specimen_seed42_stratified_grouped_specimen_yolo11n-seg_clean_light_yolo_aug/weights/best.pt	6012068		best.pt;suffix:.pt	
git_object	git:bc024ff73d80300fc51573e230e8699d240e2d0c:archived/augmentation_research/baseline_opt/super_paper_fix_leakage_fourier_fair_optimization/model-sweep-strat-group-split/segment (1)/yolo11n-seg_shrimp_seg_stratified_grouped_specimen_seed42_stratified_grouped_specimen_yolo11n-seg_clean_light_yolo_aug/weights/last.pt	6012068		last.pt;suffix:.pt	
git_object	git:20963194701c8bbbfe5e31e4af674016dd93cb27:archived/augmentation_research/baseline_opt/super_paper_fix_leakage_fourier_fair_optimization/model-sweep-strat-group-split/segment (1)/yolo11s-seg_shrimp_seg_stratified_grouped_specimen_seed42_stratified_grouped_specimen_yolo11s-seg_clean_light_yolo_aug/weights/best.pt	20518692		best.pt;suffix:.pt	
git_object	git:e2013392ccb933e8dde8716c1bf1f68975646eaf:archived/augmentation_research/baseline_opt/super_paper_fix_leakage_fourier_fair_optimization/model-sweep-strat-group-split/segment (1)/yolo11s-seg_shrimp_seg_stratified_grouped_specimen_seed42_stratified_grouped_specimen_yolo11s-seg_clean_light_yolo_aug/weights/last.pt	20518692		last.pt;suffix:.pt	
git_object	git:7d9ae6ac42d835ca641c90ac582cd687241f2b2c:archived/augmentation_research/baseline_opt/super_paper_fix_leakage_fourier_fair_optimization/model-sweep-strat-group-split/segment (1)/yolo26n-seg_shrimp_seg_stratified_grouped_specimen_seed42_stratified_grouped_specimen_yolo26n-seg_clean_light_yolo_aug/weights/best.pt	6545437		best.pt;suffix:.pt	
git_object	git:2500fe0017f43ccf8efb8319381973ad8c899d7c:archived/augmentation_research/baseline_opt/super_paper_fix_leakage_fourier_fair_optimization/model-sweep-strat-group-split/segment (1)/yolo26n-seg_shrimp_seg_stratified_grouped_specimen_seed42_stratified_grouped_specimen_yolo26n-seg_clean_light_yolo_aug/weights/last.pt	6545437		last.pt;suffix:.pt	
git_object	git:ec3ae6e2e7285e46150a306740aa3af52dd4a688:archived/augmentation_research/baseline_opt/super_paper_fix_leakage_fourier_fair_optimization/model-sweep-strat-group-split/segment (1)/yolo26s-seg_shrimp_seg_stratified_grouped_specimen_seed42_stratified_grouped_specimen_yolo26s-seg_clean_light_yolo_aug/weights/best.pt	23349213		best.pt;suffix:.pt	
git_object	git:7307d7f5794ba919a7f17672f039192235ecb788:archived/augmentation_research/baseline_opt/super_paper_fix_leakage_fourier_fair_optimization/model-sweep-strat-group-split/segment (1)/yolo26s-seg_shrimp_seg_stratified_grouped_specimen_seed42_stratified_grouped_specimen_yolo26s-seg_clean_light_yolo_aug/weights/last.pt	23349213		last.pt;suffix:.pt	
git_object	git:078be15465329c6e274938bf6f64a41db5bbfa67:archived/augmentation_research/baseline_opt/super_paper_fix_leakage_fourier_fair_optimization/model-sweep-strat-group-split/segment (1)/yolov8n-seg_shrimp_seg_stratified_grouped_specimen_seed42_stratified_grouped_specimen_yolov8n-seg_clean_light_yolo_aug/weights/best.pt	6784820		best.pt;suffix:.pt	
git_object	git:639753ad46b2d3d264d020ec360c4ea20c143288:archived/augmentation_research/baseline_opt/super_paper_fix_leakage_fourier_fair_optimization/model-sweep-strat-group-split/segment (1)/yolov8n-seg_shrimp_seg_stratified_grouped_specimen_seed42_stratified_grouped_specimen_yolov8n-seg_clean_light_yolo_aug/weights/last.pt	6784820		last.pt;suffix:.pt	
git_object	git:7030c0cb52a0f705531fd0f874ccecf5a84969e3:archived/augmentation_research/baseline_opt/super_paper_fix_leakage_fourier_fair_optimization/model-sweep-strat-group-split/segment (1)/yolov8s-seg_shrimp_seg_stratified_grouped_specimen_seed42_stratified_grouped_specimen_yolov8s-seg_clean_light_yolo_aug/weights/best.pt	23865652		best.pt;suffix:.pt	
git_object	git:e219c0cbb01af8a3a4141939bb2f8ec52b0e7e6e:archived/augmentation_research/baseline_opt/super_paper_fix_leakage_fourier_fair_optimization/model-sweep-strat-group-split/segment (1)/yolov8s-seg_shrimp_seg_stratified_grouped_specimen_seed42_stratified_grouped_specimen_yolov8s-seg_clean_light_yolo_aug/weights/last.pt	23865652		last.pt;suffix:.pt	
git_object	git:df73d654db2665dd634f7e965fdc4202457dd626:archived/augmentation_research/baseline_opt/super_paper_fix_leakage_fourier_fair_optimization/seed42/plain_random_weight_best.pt	6014628		suffix:.pt	
git_object	git:f08ae030284919e3b41313c0714429f0b4e591d2:archived/augmentation_research/baseline_opt/super_paper_fix_leakage_fourier_fair_optimization/seed42/stratified_group_split_weight_best.pt	6012068		suffix:.pt	
git_object	git:589f215ef62fa45eb6caa982d83895a0e9a5b8ed:archived/augmentation_research/baseline_opt/super_paper_fix_leakage_fourier_fair_optimization/seed42/stratified_random_split_best.pt	6014628		suffix:.pt	
git_object	git:2121e0333198613affa75bc75863080ef4c85902:final_yolo26m_convnext_tiny_ce_asl_original_yolo_best_repeat3_outputs/yolo_runs/repeat03_yolo26m-cls_asl/weights/best.pt	61439		best.pt;suffix:.pt;tokens:asl,yolo26m	
