score,hash_hamming,color_l1,ewu_image,ewu_path,ewu_label_path,ewu_group,ewu_masks,ewu_classes,hand_image,hand_path,hand_label_path,hand_group,hand_masks,hand_classes
0.0,0,0.0,Shrimp_318-1-_jpg.rf.2a2a215d5bf2fd7002536cdc57e8607f.jpg,C:\Users\Admin\workspace\CVio_Shrimp_Disease_Classification_Capstone_SU26\augmentation_research\baseline_opt\super_paper_fix_leakage_fourier_fair_optimization\ewu_shrimp_disease-1\train\images\Shrimp_318-1-_jpg.rf.2a2a215d5bf2fd7002536cdc57e8607f.jpg,C:\Users\Admin\workspace\CVio_Shrimp_Disease_Classification_Capstone_SU26\augmentation_research\baseline_opt\super_paper_fix_leakage_fourier_fair_optimization\ewu_shrimp_disease-1\train\labels\Shrimp_318-1-_jpg.rf.2a2a215d5bf2fd7002536cdc57e8607f.txt,shrimp::318,2,whitespot,WSSV-1-img-1_jpg.rf.c276fa7eebf46bba4309e92da030c4ce.jpg,C:\Users\Admin\workspace\CVio_Shrimp_Disease_Classification_Capstone_SU26\augmentation_research\baseline_opt\super_paper_fix_leakage_fourier_fair_optimization\shrimpDisHandSegV2-1\train\images\WSSV-1-img-1_jpg.rf.c276fa7eebf46bba4309e92da030c4ce.jpg,C:\Users\Admin\workspace\CVio_Shrimp_Disease_Classification_Capstone_SU26\augmentation_research\baseline_opt\super_paper_fix_leakage_fourier_fair_optimization\shrimpDisHandSegV2-1\train\labels\WSSV-1-img-1_jpg.rf.c276fa7eebf46bba4309e92da030c4ce.txt,wssv::1,1,WSSV
0.0,0,0.0,Shrimp_320_jpg.rf.d5bf1b1dc7cbb65c899e3a953da528c6.jpg,C:\Users\Admin\workspace\CVio_Shrimp_Disease_Classification_Capstone_SU26\augmentation_research\baseline_opt\super_paper_fix_leakage_fourier_fair_optimization\ewu_shrimp_disease-1\train\images\Shrimp_320_jpg.rf.d5bf1b1dc7cbb65c899e3a953da528c6.jpg,C:\Users\Admin\workspace\CVio_Shrimp_Disease_Classification_Capstone_SU26\augmentation_research\baseline_opt\super_paper_fix_leakage_fourier_fair_optimization\ewu_shrimp_disease-1\train\labels\Shrimp_320_jpg.rf.d5bf1b1dc7cbb65c899e3a953da528c6.txt,shrimp::320,2,whitespot,WSSV-3-img-1_jpg.rf.d18c0cd5062769d2d8937ac55ba73008.jpg,C:\Users\Admin\workspace\CVio_Shrimp_Disease_Classification_Capstone_SU26\augmentation_research\baseline_opt\super_paper_fix_leakage_fourier_fair_optimization\shrimpDisHandSegV2-1\train\images\WSSV-3-img-1_jpg.rf.d18c0cd5062769d2d8937ac55ba73008.jpg,C:\Users\Admin\workspace\CVio_Shrimp_Disease_Classification_Capstone_SU26\augmentation_research\baseline_opt\super_paper_fix_leakage_fourier_fair_optimization\shrimpDisHandSegV2-1\train\labels\WSSV-3-img-1_jpg.rf.d18c0cd5062769d2d8937ac55ba73008.txt,wssv::3,1,WSSV
0.0,0,0.0,Shrimp_321-1-_jpg.rf.1c244723dfb11b6e90d3973752357369.jpg,C:\Users\Admin\workspace\CVio_Shrimp_Disease_Classification_Capstone_SU26\augmentation_research\baseline_opt\super_paper_fix_leakage_fourier_fair_optimization\ewu_shrimp_disease-1\train\images\Shrimp_321-1-_jpg.rf.1c244723dfb11b6e90d3973752357369.jpg,C:\Users\Admin\workspace\CVio_Shrimp_Disease_Classification_Capstone_SU26\augmentation_research\baseline_opt\super_paper_fix_leakage_fourier_fair_optimization\ewu_shrimp_disease-1\train\labels\Shrimp_321-1-_jpg.rf.1c244723dfb11b6e90d3973752357369.txt,shrimp::321,2,whitespot,WSSV-4-img-1_jpg.rf.4b1e750a176bfd8d132664ecc28e3e18.jpg,C:\Users\Admin\workspace\CVio_Shrimp_Disease_Classification_Capstone_SU26\augmentation_research\baseline_opt\super_paper_fix_leakage_fourier_fair_optimization\shrimpDisHandSegV2-1\train\images\WSSV-4-img-1_jpg.rf.4b1e750a176bfd8d132664ecc28e3e18.jpg,C:\Users\Admin\workspace\CVio_Shrimp_Disease_Classification_Capstone_SU26\augmentation_research\baseline_opt\super_paper_fix_leakage_fourier_fair_optimization\shrimpDisHandSegV2-1\train\labels\WSSV-4-img-1_jpg.rf.4b1e750a176bfd8d132664ecc28e3e18.txt,wssv::4,1,WSSV
0.0,0,0.0,Shrimp_322-1-_jpg.rf.21c212e745a38c1cc4017838cdd98370.jpg,C:\Users\Admin\workspace\CVio_Shrimp_Disease_Classification_Capstone_SU26\augmentation_research\baseline_opt\super_paper_fix_leakage_fourier_fair_optimization\ewu_shrimp_disease-1\train\images\Shrimp_322-1-_jpg.rf.21c212e745a38c1cc4017838cdd98370.jpg,C:\Users\Admin\workspace\CVio_Shrimp_Disease_Classification_Capstone_SU26\augmentation_research\baseline_opt\super_paper_fix_leakage_fourier_fair_optimization\ewu_shrimp_disease-1\train\labels\Shrimp_322-1-_jpg.rf.21c212e745a38c1cc4017838cdd98370.txt,shrimp::322,4,whitespot,WSSV-5-img-1_jpg.rf.b3a4683c309e471d91ae9f369edec48b.jpg,C:\Users\Admin\workspace\CVio_Shrimp_Disease_Classification_Capstone_SU26\augmentation_research\baseline_opt\super_paper_fix_leakage_fourier_fair_optimization\shrimpDisHandSegV2-1\train\images\WSSV-5-img-1_jpg.rf.b3a4683c309e471d91ae9f369edec48b.jpg,C:\Users\Admin\workspace\CVio_Shrimp_Disease_Classification_Capstone_SU26\augmentation_research\baseline_opt\super_paper_fix_leakage_fourier_fair_optimization\shrimpDisHandSegV2-1\train\labels\WSSV-5-img-1_jpg.rf.b3a4683c309e471d91ae9f369edec48b.txt,wssv::5,1,WSSV
0.0,0,0.0,Shrimp_326-1-_jpg.rf.06e720b11e39183c043d0a85f96bf437.jpg,C:\Users\Admin\workspace\CVio_Shrimp_Disease_Classification_Capstone_SU26\augmentation_research\baseline_opt\super_paper_fix_leakage_fourier_fair_optimization\ewu_shrimp_disease-1\train\images\Shrimp_326-1-_jpg.rf.06e720b11e39183c043d0a85f96bf437.jpg,C:\Users\Admin\workspace\CVio_Shrimp_Disease_Classification_Capstone_SU26\augmentation_research\baseline_opt\super_paper_fix_leakage_fourier_fair_optimization\ewu_shrimp_disease-1\train\labels\Shrimp_326-1-_jpg.rf.06e720b11e39183c043d0a85f96bf437.txt,shrimp::326,3,whitespot,WSSV-9-img-1_jpg.rf.6aec36dfdd5d8c68a8ef4cad6b529852.jpg,C:\Users\Admin\workspace\CVio_Shrimp_Disease_Classification_Capstone_SU26\augmentation_research\baseline_opt\super_paper_fix_leakage_fourier_fair_optimization\shrimpDisHandSegV2-1\train\images\WSSV-9-img-1_jpg.rf.6aec36dfdd5d8c68a8ef4cad6b529852.jpg,C:\Users\Admin\workspace\CVio_Shrimp_Disease_Classification_Capstone_SU26\augmentation_research\baseline_opt\super_paper_fix_leakage_fourier_fair_optimization\shrimpDisHandSegV2-1\train\labels\WSSV-9-img-1_jpg.rf.6aec36dfdd5d8c68a8ef4cad6b529852.txt,wssv::9,1,WSSV
0.0,0,0.0,Shrimp_327-1-_jpg.rf.e5da2428aa37fdd2b4f1b4f83ee04cd5.jpg,C:\Users\Admin\workspace\CVio_Shrimp_Disease_Classification_Capstone_SU26\augmentation_research\baseline_opt\super_paper_fix_leakage_fourier_fair_optimization\ewu_shrimp_disease-1\train\images\Shrimp_327-1-_jpg.rf.e5da2428aa37fdd2b4f1b4f83ee04cd5.jpg,C:\Users\Admin\workspace\CVio_Shrimp_Disease_Classification_Capstone_SU26\augmentation_research\baseline_opt\super_paper_fix_leakage_fourier_fair_optimization\ewu_shrimp_disease-1\train\labels\Shrimp_327-1-_jpg.rf.e5da2428aa37fdd2b4f1b4f83ee04cd5.txt,shrimp::327,3,whitespot,WSSV-10-img-1_jpg.rf.95d1021a8ebfa600ceedfb8cf5fd5b4c.jpg,C:\Users\Admin\workspace\CVio_Shrimp_Disease_Classification_Capstone_SU26\augmentation_research\baseline_opt\super_paper_fix_leakage_fourier_fair_optimization\shrimpDisHandSegV2-1\train\images\WSSV-10-img-1_jpg.rf.95d1021a8ebfa600ceedfb8cf5fd5b4c.jpg,C:\Users\Admin\workspace\CVio_Shrimp_Disease_Classification_Capstone_SU26\augmentation_research\baseline_opt\super_paper_fix_leakage_fourier_fair_optimization\shrimpDisHandSegV2-1\train\labels\WSSV-10-img-1_jpg.rf.95d1021a8ebfa600ceedfb8cf5fd5b4c.txt,wssv::10,1,WSSV
0.0,0,0.0,Shrimp_328-1-_jpg.rf.9d6e6536d6fb158b7d91d1d44b50b761.jpg,C:\Users\Admin\workspace\CVio_Shrimp_Disease_Classification_Capstone_SU26\augmentation_research\baseline_opt\super_paper_fix_leakage_fourier_fair_optimization\ewu_shrimp_disease-1\train\images\Shrimp_328-1-_jpg.rf.9d6e6536d6fb158b7d91d1d44b50b761.jpg,C:\Users\Admin\workspace\CVio_Shrimp_Disease_Classification_Capstone_SU26\augmentation_research\baseline_opt\super_paper_fix_leakage_fourier_fair_optimization\ewu_shrimp_disease-1\train\labels\Shrimp_328-1-_jpg.rf.9d6e6536d6fb158b7d91d1d44b50b761.txt,shrimp::328,2,whitespot,WSSV-11-img-1_jpg.rf.e7de0da7b818c01308f4490784138a75.jpg,C:\Users\Admin\workspace\CVio_Shrimp_Disease_Classification_Capstone_SU26\augmentation_research\baseline_opt\super_paper_fix_leakage_fourier_fair_optimization\shrimpDisHandSegV2-1\train\images\WSSV-11-img-1_jpg.rf.e7de0da7b818c01308f4490784138a75.jpg,C:\Users\Admin\workspace\CVio_Shrimp_Disease_Classification_Capstone_SU26\augmentation_research\baseline_opt\super_paper_fix_leakage_fourier_fair_optimization\shrimpDisHandSegV2-1\train\labels\WSSV-11-img-1_jpg.rf.e7de0da7b818c01308f4490784138a75.txt,wssv::11,1,WSSV
0.0,0,0.0,Shrimp_333-1-_jpg.rf.03dc55626a3361e1b846d3f72133bcad.jpg,C:\Users\Admin\workspace\CVio_Shrimp_Disease_Classification_Capstone_SU26\augmentation_research\baseline_opt\super_paper_fix_leakage_fourier_fair_optimization\ewu_shrimp_disease-1\train\images\Shrimp_333-1-_jpg.rf.03dc55626a3361e1b846d3f72133bcad.jpg,C:\Users\Admin\workspace\CVio_Shrimp_Disease_Classification_Capstone_SU26\augmentation_research\baseline_opt\super_paper_fix_leakage_fourier_fair_optimization\ewu_shrimp_disease-1\train\labels\Shrimp_333-1-_jpg.rf.03dc55626a3361e1b846d3f72133bcad.txt,shrimp::333,2,whitespot,WSSV-16-img-1_jpg.rf.91cca85ade934a88ab5078de1d1f2ffb.jpg,C:\Users\Admin\workspace\CVio_Shrimp_Disease_Classification_Capstone_SU26\augmentation_research\baseline_opt\super_paper_fix_leakage_fourier_fair_optimization\shrimpDisHandSegV2-1\train\images\WSSV-16-img-1_jpg.rf.91cca85ade934a88ab5078de1d1f2ffb.jpg,C:\Users\Admin\workspace\CVio_Shrimp_Disease_Classification_Capstone_SU26\augmentation_research\baseline_opt\super_paper_fix_leakage_fourier_fair_optimization\shrimpDisHandSegV2-1\train\labels\WSSV-16-img-1_jpg.rf.91cca85ade934a88ab5078de1d1f2ffb.txt,wssv::16,1,WSSV
0.0,0,0.0,Shrimp_334-1-_jpg.rf.31f0008585c246ecaa437f5e4475b4b4.jpg,C:\Users\Admin\workspace\CVio_Shrimp_Disease_Classification_Capstone_SU26\augmentation_research\baseline_opt\super_paper_fix_leakage_fourier_fair_optimization\ewu_shrimp_disease-1\train\images\Shrimp_334-1-_jpg.rf.31f0008585c246ecaa437f5e4475b4b4.jpg,C:\Users\Admin\workspace\CVio_Shrimp_Disease_Classification_Capstone_SU26\augmentation_research\baseline_opt\super_paper_fix_leakage_fourier_fair_optimization\ewu_shrimp_disease-1\train\labels\Shrimp_334-1-_jpg.rf.31f0008585c246ecaa437f5e4475b4b4.txt,shrimp::334,3,whitespot,WSSV-17-img-1_jpg.rf.417e83f656a30a56e04b87e3d9aea8a9.jpg,C:\Users\Admin\workspace\CVio_Shrimp_Disease_Classification_Capstone_SU26\augmentation_research\baseline_opt\super_paper_fix_leakage_fourier_fair_optimization\shrimpDisHandSegV2-1\train\images\WSSV-17-img-1_jpg.rf.417e83f656a30a56e04b87e3d9aea8a9.jpg,C:\Users\Admin\workspace\CVio_Shrimp_Disease_Classification_Capstone_SU26\augmentation_research\baseline_opt\super_paper_fix_leakage_fourier_fair_optimization\shrimpDisHandSegV2-1\train\labels\WSSV-17-img-1_jpg.rf.417e83f656a30a56e04b87e3d9aea8a9.txt,wssv::17,1,WSSV
0.0,0,0.0,Shrimp_335-1-_jpg.rf.c0993682e4ad54cef6ef7e56f58da834.jpg,C:\Users\Admin\workspace\CVio_Shrimp_Disease_Classification_Capstone_SU26\augmentation_research\baseline_opt\super_paper_fix_leakage_fourier_fair_optimization\ewu_shrimp_disease-1\train\images\Shrimp_335-1-_jpg.rf.c0993682e4ad54cef6ef7e56f58da834.jpg,C:\Users\Admin\workspace\CVio_Shrimp_Disease_Classification_Capstone_SU26\augmentation_research\baseline_opt\super_paper_fix_leakage_fourier_fair_optimization\ewu_shrimp_disease-1\train\labels\Shrimp_335-1-_jpg.rf.c0993682e4ad54cef6ef7e56f58da834.txt,shrimp::335,2,whitespot,WSSV-18-img-1_jpg.rf.72b318e2bdda72a085cbe1a02d4e4c9a.jpg,C:\Users\Admin\workspace\CVio_Shrimp_Disease_Classification_Capstone_SU26\augmentation_research\baseline_opt\super_paper_fix_leakage_fourier_fair_optimization\shrimpDisHandSegV2-1\train\images\WSSV-18-img-1_jpg.rf.72b318e2bdda72a085cbe1a02d4e4c9a.jpg,C:\Users\Admin\workspace\CVio_Shrimp_Disease_Classification_Capstone_SU26\augmentation_research\baseline_opt\super_paper_fix_leakage_fourier_fair_optimization\shrimpDisHandSegV2-1\train\labels\WSSV-18-img-1_jpg.rf.72b318e2bdda72a085cbe1a02d4e4c9a.txt,wssv::18,1,WSSV
0.0,0,0.0,Shrimp_336-1-_jpg.rf.020eaa6634c859fd9643f552b63eaa67.jpg,C:\Users\Admin\workspace\CVio_Shrimp_Disease_Classification_Capstone_SU26\augmentation_research\baseline_opt\super_paper_fix_leakage_fourier_fair_optimization\ewu_shrimp_disease-1\train\images\Shrimp_336-1-_jpg.rf.020eaa6634c859fd9643f552b63eaa67.jpg,C:\Users\Admin\workspace\CVio_Shrimp_Disease_Classification_Capstone_SU26\augmentation_research\baseline_opt\super_paper_fix_leakage_fourier_fair_optimization\ewu_shrimp_disease-1\train\labels\Shrimp_336-1-_jpg.rf.020eaa6634c859fd9643f552b63eaa67.txt,shrimp::336,2,whitespot,WSSV-19-img-1_jpg.rf.260c9a5ff9d86f35e6e2ea41607ded2c.jpg,C:\Users\Admin\workspace\CVio_Shrimp_Disease_Classification_Capstone_SU26\augmentation_research\baseline_opt\super_paper_fix_leakage_fourier_fair_optimization\shrimpDisHandSegV2-1\train\images\WSSV-19-img-1_jpg.rf.260c9a5ff9d86f35e6e2ea41607ded2c.jpg,C:\Users\Admin\workspace\CVio_Shrimp_Disease_Classification_Capstone_SU26\augmentation_research\baseline_opt\super_paper_fix_leakage_fourier_fair_optimization\shrimpDisHandSegV2-1\train\labels\WSSV-19-img-1_jpg.rf.260c9a5ff9d86f35e6e2ea41607ded2c.txt,wssv::19,1,WSSV
0.0,0,0.0,Shrimp_340-1-_jpg.rf.a0e4294dd93a6d91d9b6837ba7d50dc2.jpg,C:\Users\Admin\workspace\CVio_Shrimp_Disease_Classification_Capstone_SU26\augmentation_research\baseline_opt\super_paper_fix_leakage_fourier_fair_optimization\ewu_shrimp_disease-1\train\images\Shrimp_340-1-_jpg.rf.a0e4294dd93a6d91d9b6837ba7d50dc2.jpg,C:\Users\Admin\workspace\CVio_Shrimp_Disease_Classification_Capstone_SU26\augmentation_research\baseline_opt\super_paper_fix_leakage_fourier_fair_optimization\ewu_shrimp_disease-1\train\labels\Shrimp_340-1-_jpg.rf.a0e4294dd93a6d91d9b6837ba7d50dc2.txt,shrimp::340,3,whitespot,WSSV-24-img-1_jpg.rf.d24fcd08e0e57c57c0a9526caad38460.jpg,C:\Users\Admin\workspace\CVio_Shrimp_Disease_Classification_Capstone_SU26\augmentation_research\baseline_opt\super_paper_fix_leakage_fourier_fair_optimization\shrimpDisHandSegV2-1\train\images\WSSV-24-img-1_jpg.rf.d24fcd08e0e57c57c0a9526caad38460.jpg,C:\Users\Admin\workspace\CVio_Shrimp_Disease_Classification_Capstone_SU26\augmentation_research\baseline_opt\super_paper_fix_leakage_fourier_fair_optimization\shrimpDisHandSegV2-1\train\labels\WSSV-24-img-1_jpg.rf.d24fcd08e0e57c57c0a9526caad38460.txt,wssv::24,1,WSSV
0.0,0,0.0,Shrimp_341-1-_jpg.rf.b23fdba420271370ebd085b842bc20f9.jpg,C:\Users\Admin\workspace\CVio_Shrimp_Disease_Classification_Capstone_SU26\augmentation_research\baseline_opt\super_paper_fix_leakage_fourier_fair_optimization\ewu_shrimp_disease-1\train\images\Shrimp_341-1-_jpg.rf.b23fdba420271370ebd085b842bc20f9.jpg,C:\Users\Admin\workspace\CVio_Shrimp_Disease_Classification_Capstone_SU26\augmentation_research\baseline_opt\super_paper_fix_leakage_fourier_fair_optimization\ewu_shrimp_disease-1\train\labels\Shrimp_341-1-_jpg.rf.b23fdba420271370ebd085b842bc20f9.txt,shrimp::341,2,whitespot,WSSV-25-img-1_jpg.rf.a597ede6e84cf810a5b74922b6be2b6c.jpg,C:\Users\Admin\workspace\CVio_Shrimp_Disease_Classification_Capstone_SU26\augmentation_research\baseline_opt\super_paper_fix_leakage_fourier_fair_optimization\shrimpDisHandSegV2-1\train\images\WSSV-25-img-1_jpg.rf.a597ede6e84cf810a5b74922b6be2b6c.jpg,C:\Users\Admin\workspace\CVio_Shrimp_Disease_Classification_Capstone_SU26\augmentation_research\baseline_opt\super_paper_fix_leakage_fourier_fair_optimization\shrimpDisHandSegV2-1\train\labels\WSSV-25-img-1_jpg.rf.a597ede6e84cf810a5b74922b6be2b6c.txt,wssv::25,1,WSSV
0.0,0,0.0,Shrimp_343-1-_jpg.rf.17f7a89a573885ec94d582e4baa4312e.jpg,C:\Users\Admin\workspace\CVio_Shrimp_Disease_Classification_Capstone_SU26\augmentation_research\baseline_opt\super_paper_fix_leakage_fourier_fair_optimization\ewu_shrimp_disease-1\train\images\Shrimp_343-1-_jpg.rf.17f7a89a573885ec94d582e4baa4312e.jpg,C:\Users\Admin\workspace\CVio_Shrimp_Disease_Classification_Capstone_SU26\augmentation_research\baseline_opt\super_paper_fix_leakage_fourier_fair_optimization\ewu_shrimp_disease-1\train\labels\Shrimp_343-1-_jpg.rf.17f7a89a573885ec94d582e4baa4312e.txt,shrimp::343,4,whitespot,WSSV-27-img-1_jpg.rf.8104a857d3303c7feb8e01f1b9ba44bf.jpg,C:\Users\Admin\workspace\CVio_Shrimp_Disease_Classification_Capstone_SU26\augmentation_research\baseline_opt\super_paper_fix_leakage_fourier_fair_optimization\shrimpDisHandSegV2-1\train\images\WSSV-27-img-1_jpg.rf.8104a857d3303c7feb8e01f1b9ba44bf.jpg,C:\Users\Admin\workspace\CVio_Shrimp_Disease_Classification_Capstone_SU26\augmentation_research\baseline_opt\super_paper_fix_leakage_fourier_fair_optimization\shrimpDisHandSegV2-1\train\labels\WSSV-27-img-1_jpg.rf.8104a857d3303c7feb8e01f1b9ba44bf.txt,wssv::27,1,WSSV
0.0,0,0.0,Shrimp_344-1-_jpg.rf.090531fc92cb394ee10fa23346ee7d0b.jpg,C:\Users\Admin\workspace\CVio_Shrimp_Disease_Classification_Capstone_SU26\augmentation_research\baseline_opt\super_paper_fix_leakage_fourier_fair_optimization\ewu_shrimp_disease-1\train\images\Shrimp_344-1-_jpg.rf.090531fc92cb394ee10fa23346ee7d0b.jpg,C:\Users\Admin\workspace\CVio_Shrimp_Disease_Classification_Capstone_SU26\augmentation_research\baseline_opt\super_paper_fix_leakage_fourier_fair_optimization\ewu_shrimp_disease-1\train\labels\Shrimp_344-1-_jpg.rf.090531fc92cb394ee10fa23346ee7d0b.txt,shrimp::344,2,whitespot,WSSV-28-img-1_jpg.rf.a43ee460976dce0b20eaa8daf9bd338b.jpg,C:\Users\Admin\workspace\CVio_Shrimp_Disease_Classification_Capstone_SU26\augmentation_research\baseline_opt\super_paper_fix_leakage_fourier_fair_optimization\shrimpDisHandSegV2-1\train\images\WSSV-28-img-1_jpg.rf.a43ee460976dce0b20eaa8daf9bd338b.jpg,C:\Users\Admin\workspace\CVio_Shrimp_Disease_Classification_Capstone_SU26\augmentation_research\baseline_opt\super_paper_fix_leakage_fourier_fair_optimization\shrimpDisHandSegV2-1\train\labels\WSSV-28-img-1_jpg.rf.a43ee460976dce0b20eaa8daf9bd338b.txt,wssv::28,1,WSSV
0.0,0,0.0,Shrimp_345-1-_jpg.rf.bf9cd61926570b5b767da2a28f53333a.jpg,C:\Users\Admin\workspace\CVio_Shrimp_Disease_Classification_Capstone_SU26\augmentation_research\baseline_opt\super_paper_fix_leakage_fourier_fair_optimization\ewu_shrimp_disease-1\train\images\Shrimp_345-1-_jpg.rf.bf9cd61926570b5b767da2a28f53333a.jpg,C:\Users\Admin\workspace\CVio_Shrimp_Disease_Classification_Capstone_SU26\augmentation_research\baseline_opt\super_paper_fix_leakage_fourier_fair_optimization\ewu_shrimp_disease-1\train\labels\Shrimp_345-1-_jpg.rf.bf9cd61926570b5b767da2a28f53333a.txt,shrimp::345,7,whitespot,WSSV-29-img-1_jpg.rf.74c936bf13aaacc7fbae258fcaeb6d4e.jpg,C:\Users\Admin\workspace\CVio_Shrimp_Disease_Classification_Capstone_SU26\augmentation_research\baseline_opt\super_paper_fix_leakage_fourier_fair_optimization\shrimpDisHandSegV2-1\train\images\WSSV-29-img-1_jpg.rf.74c936bf13aaacc7fbae258fcaeb6d4e.jpg,C:\Users\Admin\workspace\CVio_Shrimp_Disease_Classification_Capstone_SU26\augmentation_research\baseline_opt\super_paper_fix_leakage_fourier_fair_optimization\shrimpDisHandSegV2-1\train\labels\WSSV-29-img-1_jpg.rf.74c936bf13aaacc7fbae258fcaeb6d4e.txt,wssv::29,1,WSSV
0.0,0,0.0,Shrimp_347-1-_jpg.rf.4464934c378e5ec4bbcc2c44f853216c.jpg,C:\Users\Admin\workspace\CVio_Shrimp_Disease_Classification_Capstone_SU26\augmentation_research\baseline_opt\super_paper_fix_leakage_fourier_fair_optimization\ewu_shrimp_disease-1\train\images\Shrimp_347-1-_jpg.rf.4464934c378e5ec4bbcc2c44f853216c.jpg,C:\Users\Admin\workspace\CVio_Shrimp_Disease_Classification_Capstone_SU26\augmentation_research\baseline_opt\super_paper_fix_leakage_fourier_fair_optimization\ewu_shrimp_disease-1\train\labels\Shrimp_347-1-_jpg.rf.4464934c378e5ec4bbcc2c44f853216c.txt,shrimp::347,2,whitespot,WSSV-31-img-1_jpg.rf.82eb63fcab98e2d44e1f3b40f4011706.jpg,C:\Users\Admin\workspace\CVio_Shrimp_Disease_Classification_Capstone_SU26\augmentation_research\baseline_opt\super_paper_fix_leakage_fourier_fair_optimization\shrimpDisHandSegV2-1\train\images\WSSV-31-img-1_jpg.rf.82eb63fcab98e2d44e1f3b40f4011706.jpg,C:\Users\Admin\workspace\CVio_Shrimp_Disease_Classification_Capstone_SU26\augmentation_research\baseline_opt\super_paper_fix_leakage_fourier_fair_optimization\shrimpDisHandSegV2-1\train\labels\WSSV-31-img-1_jpg.rf.82eb63fcab98e2d44e1f3b40f4011706.txt,wssv::31,1,WSSV
0.0,0,0.0,Shrimp_349-1-_jpg.rf.714079f99af3a60ef70236d2badf3be5.jpg,C:\Users\Admin\workspace\CVio_Shrimp_Disease_Classification_Capstone_SU26\augmentation_research\baseline_opt\super_paper_fix_leakage_fourier_fair_optimization\ewu_shrimp_disease-1\train\images\Shrimp_349-1-_jpg.rf.714079f99af3a60ef70236d2badf3be5.jpg,C:\Users\Admin\workspace\CVio_Shrimp_Disease_Classification_Capstone_SU26\augmentation_research\baseline_opt\super_paper_fix_leakage_fourier_fair_optimization\ewu_shrimp_disease-1\train\labels\Shrimp_349-1-_jpg.rf.714079f99af3a60ef70236d2badf3be5.txt,shrimp::349,2,whitespot,WSSV-33-img-1_jpg.rf.5d9f0d160d3243a099c031f889be341a.jpg,C:\Users\Admin\workspace\CVio_Shrimp_Disease_Classification_Capstone_SU26\augmentation_research\baseline_opt\super_paper_fix_leakage_fourier_fair_optimization\shrimpDisHandSegV2-1\train\images\WSSV-33-img-1_jpg.rf.5d9f0d160d3243a099c031f889be341a.jpg,C:\Users\Admin\workspace\CVio_Shrimp_Disease_Classification_Capstone_SU26\augmentation_research\baseline_opt\super_paper_fix_leakage_fourier_fair_optimization\shrimpDisHandSegV2-1\train\labels\WSSV-33-img-1_jpg.rf.5d9f0d160d3243a099c031f889be341a.txt,wssv::33,1,WSSV
0.0,0,0.0,Shrimp_350-1-_jpg.rf.1634ab8911ba23ce58a4e539a358aba5.jpg,C:\Users\Admin\workspace\CVio_Shrimp_Disease_Classification_Capstone_SU26\augmentation_research\baseline_opt\super_paper_fix_leakage_fourier_fair_optimization\ewu_shrimp_disease-1\train\images\Shrimp_350-1-_jpg.rf.1634ab8911ba23ce58a4e539a358aba5.jpg,C:\Users\Admin\workspace\CVio_Shrimp_Disease_Classification_Capstone_SU26\augmentation_research\baseline_opt\super_paper_fix_leakage_fourier_fair_optimization\ewu_shrimp_disease-1\train\labels\Shrimp_350-1-_jpg.rf.1634ab8911ba23ce58a4e539a358aba5.txt,shrimp::350,2,whitespot,WSSV-34-img-1_jpg.rf.4afab58a6c4587fcb5213b190838bc64.jpg,C:\Users\Admin\workspace\CVio_Shrimp_Disease_Classification_Capstone_SU26\augmentation_research\baseline_opt\super_paper_fix_leakage_fourier_fair_optimization\shrimpDisHandSegV2-1\train\images\WSSV-34-img-1_jpg.rf.4afab58a6c4587fcb5213b190838bc64.jpg,C:\Users\Admin\workspace\CVio_Shrimp_Disease_Classification_Capstone_SU26\augmentation_research\baseline_opt\super_paper_fix_leakage_fourier_fair_optimization\shrimpDisHandSegV2-1\train\labels\WSSV-34-img-1_jpg.rf.4afab58a6c4587fcb5213b190838bc64.txt,wssv::34,1,WSSV
0.0,0,0.0,Shrimp_351-1-_jpg.rf.570d60c7f86d1cd0b06130368faa59a6.jpg,C:\Users\Admin\workspace\CVio_Shrimp_Disease_Classification_Capstone_SU26\augmentation_research\baseline_opt\super_paper_fix_leakage_fourier_fair_optimization\ewu_shrimp_disease-1\train\images\Shrimp_351-1-_jpg.rf.570d60c7f86d1cd0b06130368faa59a6.jpg,C:\Users\Admin\workspace\CVio_Shrimp_Disease_Classification_Capstone_SU26\augmentation_research\baseline_opt\super_paper_fix_leakage_fourier_fair_optimization\ewu_shrimp_disease-1\train\labels\Shrimp_351-1-_jpg.rf.570d60c7f86d1cd0b06130368faa59a6.txt,shrimp::351,3,whitespot,WSSV-35-img-1_jpg.rf.6805ff7d80db7e79dfcbdf18347beb82.jpg,C:\Users\Admin\workspace\CVio_Shrimp_Disease_Classification_Capstone_SU26\augmentation_research\baseline_opt\super_paper_fix_leakage_fourier_fair_optimization\shrimpDisHandSegV2-1\train\images\WSSV-35-img-1_jpg.rf.6805ff7d80db7e79dfcbdf18347beb82.jpg,C:\Users\Admin\workspace\CVio_Shrimp_Disease_Classification_Capstone_SU26\augmentation_research\baseline_opt\super_paper_fix_leakage_fourier_fair_optimization\shrimpDisHandSegV2-1\train\labels\WSSV-35-img-1_jpg.rf.6805ff7d80db7e79dfcbdf18347beb82.txt,wssv::35,1,WSSV
0.0,0,0.0,Shrimp_353-1-_jpg.rf.92b10e2a551af29639a139f1c0ae99a0.jpg,C:\Users\Admin\workspace\CVio_Shrimp_Disease_Classification_Capstone_SU26\augmentation_research\baseline_opt\super_paper_fix_leakage_fourier_fair_optimization\ewu_shrimp_disease-1\train\images\Shrimp_353-1-_jpg.rf.92b10e2a551af29639a139f1c0ae99a0.jpg,C:\Users\Admin\workspace\CVio_Shrimp_Disease_Classification_Capstone_SU26\augmentation_research\baseline_opt\super_paper_fix_leakage_fourier_fair_optimization\ewu_shrimp_disease-1\train\labels\Shrimp_353-1-_jpg.rf.92b10e2a551af29639a139f1c0ae99a0.txt,shrimp::353,2,whitespot,WSSV-37-img-1_jpg.rf.4013ef7c7303f713ed21bfcb732d308a.jpg,C:\Users\Admin\workspace\CVio_Shrimp_Disease_Classification_Capstone_SU26\augmentation_research\baseline_opt\super_paper_fix_leakage_fourier_fair_optimization\shrimpDisHandSegV2-1\train\images\WSSV-37-img-1_jpg.rf.4013ef7c7303f713ed21bfcb732d308a.jpg,C:\Users\Admin\workspace\CVio_Shrimp_Disease_Classification_Capstone_SU26\augmentation_research\baseline_opt\super_paper_fix_leakage_fourier_fair_optimization\shrimpDisHandSegV2-1\train\labels\WSSV-37-img-1_jpg.rf.4013ef7c7303f713ed21bfcb732d308a.txt,wssv::37,1,WSSV
0.0,0,0.0,Shrimp_354-1-_jpg.rf.a9ead02b65f02a1298998795bd58107c.jpg,C:\Users\Admin\workspace\CVio_Shrimp_Disease_Classification_Capstone_SU26\augmentation_research\baseline_opt\super_paper_fix_leakage_fourier_fair_optimization\ewu_shrimp_disease-1\train\images\Shrimp_354-1-_jpg.rf.a9ead02b65f02a1298998795bd58107c.jpg,C:\Users\Admin\workspace\CVio_Shrimp_Disease_Classification_Capstone_SU26\augmentation_research\baseline_opt\super_paper_fix_leakage_fourier_fair_optimization\ewu_shrimp_disease-1\train\labels\Shrimp_354-1-_jpg.rf.a9ead02b65f02a1298998795bd58107c.txt,shrimp::354,3,whitespot,WSSV-38-img-1_jpg.rf.0184ab0d1a4692445c5d379d6352f1d4.jpg,C:\Users\Admin\workspace\CVio_Shrimp_Disease_Classification_Capstone_SU26\augmentation_research\baseline_opt\super_paper_fix_leakage_fourier_fair_optimization\shrimpDisHandSegV2-1\train\images\WSSV-38-img-1_jpg.rf.0184ab0d1a4692445c5d379d6352f1d4.jpg,C:\Users\Admin\workspace\CVio_Shrimp_Disease_Classification_Capstone_SU26\augmentation_research\baseline_opt\super_paper_fix_leakage_fourier_fair_optimization\shrimpDisHandSegV2-1\train\labels\WSSV-38-img-1_jpg.rf.0184ab0d1a4692445c5d379d6352f1d4.txt,wssv::38,1,WSSV
0.0,0,0.0,Shrimp_356-1-_jpg.rf.86f422c24a2f4cd062766e7ee9eda626.jpg,C:\Users\Admin\workspace\CVio_Shrimp_Disease_Classification_Capstone_SU26\augmentation_research\baseline_opt\super_paper_fix_leakage_fourier_fair_optimization\ewu_shrimp_disease-1\train\images\Shrimp_356-1-_jpg.rf.86f422c24a2f4cd062766e7ee9eda626.jpg,C:\Users\Admin\workspace\CVio_Shrimp_Disease_Classification_Capstone_SU26\augmentation_research\baseline_opt\super_paper_fix_leakage_fourier_fair_optimization\ewu_shrimp_disease-1\train\labels\Shrimp_356-1-_jpg.rf.86f422c24a2f4cd062766e7ee9eda626.txt,shrimp::356,2,whitespot,WSSV-40-img-1_jpg.rf.44e63e85790d5f07265a0716e1a487b7.jpg,C:\Users\Admin\workspace\CVio_Shrimp_Disease_Classification_Capstone_SU26\augmentation_research\baseline_opt\super_paper_fix_leakage_fourier_fair_optimization\shrimpDisHandSegV2-1\train\images\WSSV-40-img-1_jpg.rf.44e63e85790d5f07265a0716e1a487b7.jpg,C:\Users\Admin\workspace\CVio_Shrimp_Disease_Classification_Capstone_SU26\augmentation_research\baseline_opt\super_paper_fix_leakage_fourier_fair_optimization\shrimpDisHandSegV2-1\train\labels\WSSV-40-img-1_jpg.rf.44e63e85790d5f07265a0716e1a487b7.txt,wssv::40,1,WSSV
0.0,0,0.0,Shrimp_357-1-_jpg.rf.ab4979e4176537cf7e6022f2a57f362d.jpg,C:\Users\Admin\workspace\CVio_Shrimp_Disease_Classification_Capstone_SU26\augmentation_research\baseline_opt\super_paper_fix_leakage_fourier_fair_optimization\ewu_shrimp_disease-1\train\images\Shrimp_357-1-_jpg.rf.ab4979e4176537cf7e6022f2a57f362d.jpg,C:\Users\Admin\workspace\CVio_Shrimp_Disease_Classification_Capstone_SU26\augmentation_research\baseline_opt\super_paper_fix_leakage_fourier_fair_optimization\ewu_shrimp_disease-1\train\labels\Shrimp_357-1-_jpg.rf.ab4979e4176537cf7e6022f2a57f362d.txt,shrimp::357,2,whitespot,WSSV-41-img-1_jpg.rf.0e9cccda6c7c7f12db908ba18e120966.jpg,C:\Users\Admin\workspace\CVio_Shrimp_Disease_Classification_Capstone_SU26\augmentation_research\baseline_opt\super_paper_fix_leakage_fourier_fair_optimization\shrimpDisHandSegV2-1\train\images\WSSV-41-img-1_jpg.rf.0e9cccda6c7c7f12db908ba18e120966.jpg,C:\Users\Admin\workspace\CVio_Shrimp_Disease_Classification_Capstone_SU26\augmentation_research\baseline_opt\super_paper_fix_leakage_fourier_fair_optimization\shrimpDisHandSegV2-1\train\labels\WSSV-41-img-1_jpg.rf.0e9cccda6c7c7f12db908ba18e120966.txt,wssv::41,1,WSSV
0.0,0,0.0,Shrimp_360-1-_jpg.rf.cdba69c5f03b36eebe9df89e10177c84.jpg,C:\Users\Admin\workspace\CVio_Shrimp_Disease_Classification_Capstone_SU26\augmentation_research\baseline_opt\super_paper_fix_leakage_fourier_fair_optimization\ewu_shrimp_disease-1\train\images\Shrimp_360-1-_jpg.rf.cdba69c5f03b36eebe9df89e10177c84.jpg,C:\Users\Admin\workspace\CVio_Shrimp_Disease_Classification_Capstone_SU26\augmentation_research\baseline_opt\super_paper_fix_leakage_fourier_fair_optimization\ewu_shrimp_disease-1\train\labels\Shrimp_360-1-_jpg.rf.cdba69c5f03b36eebe9df89e10177c84.txt,shrimp::360,3,whitespot,WSSV-44-img-1_jpg.rf.7283dcceb3911d100f4858d6a4eab56e.jpg,C:\Users\Admin\workspace\CVio_Shrimp_Disease_Classification_Capstone_SU26\augmentation_research\baseline_opt\super_paper_fix_leakage_fourier_fair_optimization\shrimpDisHandSegV2-1\train\images\WSSV-44-img-1_jpg.rf.7283dcceb3911d100f4858d6a4eab56e.jpg,C:\Users\Admin\workspace\CVio_Shrimp_Disease_Classification_Capstone_SU26\augmentation_research\baseline_opt\super_paper_fix_leakage_fourier_fair_optimization\shrimpDisHandSegV2-1\train\labels\WSSV-44-img-1_jpg.rf.7283dcceb3911d100f4858d6a4eab56e.txt,wssv::44,1,WSSV
0.0,0,0.0,Shrimp_363-1-_jpg.rf.dd9841be768eba75616ca90f07fa4e31.jpg,C:\Users\Admin\workspace\CVio_Shrimp_Disease_Classification_Capstone_SU26\augmentation_research\baseline_opt\super_paper_fix_leakage_fourier_fair_optimization\ewu_shrimp_disease-1\train\images\Shrimp_363-1-_jpg.rf.dd9841be768eba75616ca90f07fa4e31.jpg,C:\Users\Admin\workspace\CVio_Shrimp_Disease_Classification_Capstone_SU26\augmentation_research\baseline_opt\super_paper_fix_leakage_fourier_fair_optimization\ewu_shrimp_disease-1\train\labels\Shrimp_363-1-_jpg.rf.dd9841be768eba75616ca90f07fa4e31.txt,shrimp::363,3,whitespot,WSSV-47-img-1_jpg.rf.596917efe2ca93e0afd886c3fcaf5f99.jpg,C:\Users\Admin\workspace\CVio_Shrimp_Disease_Classification_Capstone_SU26\augmentation_research\baseline_opt\super_paper_fix_leakage_fourier_fair_optimization\shrimpDisHandSegV2-1\train\images\WSSV-47-img-1_jpg.rf.596917efe2ca93e0afd886c3fcaf5f99.jpg,C:\Users\Admin\workspace\CVio_Shrimp_Disease_Classification_Capstone_SU26\augmentation_research\baseline_opt\super_paper_fix_leakage_fourier_fair_optimization\shrimpDisHandSegV2-1\train\labels\WSSV-47-img-1_jpg.rf.596917efe2ca93e0afd886c3fcaf5f99.txt,wssv::47,1,WSSV
0.0,0,0.0,Shrimp_366-1-_jpg.rf.e926008695ff4e9d0a25562afa24a1e6.jpg,C:\Users\Admin\workspace\CVio_Shrimp_Disease_Classification_Capstone_SU26\augmentation_research\baseline_opt\super_paper_fix_leakage_fourier_fair_optimization\ewu_shrimp_disease-1\train\images\Shrimp_366-1-_jpg.rf.e926008695ff4e9d0a25562afa24a1e6.jpg,C:\Users\Admin\workspace\CVio_Shrimp_Disease_Classification_Capstone_SU26\augmentation_research\baseline_opt\super_paper_fix_leakage_fourier_fair_optimization\ewu_shrimp_disease-1\train\labels\Shrimp_366-1-_jpg.rf.e926008695ff4e9d0a25562afa24a1e6.txt,shrimp::366,2,whitespot,WSSV-50-img-1_jpg.rf.9d93f37a2b2273facb56b067fbed83f4.jpg,C:\Users\Admin\workspace\CVio_Shrimp_Disease_Classification_Capstone_SU26\augmentation_research\baseline_opt\super_paper_fix_leakage_fourier_fair_optimization\shrimpDisHandSegV2-1\train\images\WSSV-50-img-1_jpg.rf.9d93f37a2b2273facb56b067fbed83f4.jpg,C:\Users\Admin\workspace\CVio_Shrimp_Disease_Classification_Capstone_SU26\augmentation_research\baseline_opt\super_paper_fix_leakage_fourier_fair_optimization\shrimpDisHandSegV2-1\train\labels\WSSV-50-img-1_jpg.rf.9d93f37a2b2273facb56b067fbed83f4.txt,wssv::50,1,WSSV
0.0,0,0.0,Shrimp_372-1-_jpg.rf.f1ae8d752e6bc4715b8d8883d7dd375f.jpg,C:\Users\Admin\workspace\CVio_Shrimp_Disease_Classification_Capstone_SU26\augmentation_research\baseline_opt\super_paper_fix_leakage_fourier_fair_optimization\ewu_shrimp_disease-1\train\images\Shrimp_372-1-_jpg.rf.f1ae8d752e6bc4715b8d8883d7dd375f.jpg,C:\Users\Admin\workspace\CVio_Shrimp_Disease_Classification_Capstone_SU26\augmentation_research\baseline_opt\super_paper_fix_leakage_fourier_fair_optimization\ewu_shrimp_disease-1\train\labels\Shrimp_372-1-_jpg.rf.f1ae8d752e6bc4715b8d8883d7dd375f.txt,shrimp::372,3,whitespot,WSSV-56-img-1_jpg.rf.24cce8970039cdb862882fd28165a26c.jpg,C:\Users\Admin\workspace\CVio_Shrimp_Disease_Classification_Capstone_SU26\augmentation_research\baseline_opt\super_paper_fix_leakage_fourier_fair_optimization\shrimpDisHandSegV2-1\train\images\WSSV-56-img-1_jpg.rf.24cce8970039cdb862882fd28165a26c.jpg,C:\Users\Admin\workspace\CVio_Shrimp_Disease_Classification_Capstone_SU26\augmentation_research\baseline_opt\super_paper_fix_leakage_fourier_fair_optimization\shrimpDisHandSegV2-1\train\labels\WSSV-56-img-1_jpg.rf.24cce8970039cdb862882fd28165a26c.txt,wssv::56,1,WSSV
0.0,0,0.0,Shrimp_376-1-_jpg.rf.979a38712711c4ff89daf628b8aeb162.jpg,C:\Users\Admin\workspace\CVio_Shrimp_Disease_Classification_Capstone_SU26\augmentation_research\baseline_opt\super_paper_fix_leakage_fourier_fair_optimization\ewu_shrimp_disease-1\train\images\Shrimp_376-1-_jpg.rf.979a38712711c4ff89daf628b8aeb162.jpg,C:\Users\Admin\workspace\CVio_Shrimp_Disease_Classification_Capstone_SU26\augmentation_research\baseline_opt\super_paper_fix_leakage_fourier_fair_optimization\ewu_shrimp_disease-1\train\labels\Shrimp_376-1-_jpg.rf.979a38712711c4ff89daf628b8aeb162.txt,shrimp::376,2,whitespot,WSSV-60-img-1_jpg.rf.9d00df46268801aa656ccd2827eb8728.jpg,C:\Users\Admin\workspace\CVio_Shrimp_Disease_Classification_Capstone_SU26\augmentation_research\baseline_opt\super_paper_fix_leakage_fourier_fair_optimization\shrimpDisHandSegV2-1\train\images\WSSV-60-img-1_jpg.rf.9d00df46268801aa656ccd2827eb8728.jpg,C:\Users\Admin\workspace\CVio_Shrimp_Disease_Classification_Capstone_SU26\augmentation_research\baseline_opt\super_paper_fix_leakage_fourier_fair_optimization\shrimpDisHandSegV2-1\train\labels\WSSV-60-img-1_jpg.rf.9d00df46268801aa656ccd2827eb8728.txt,wssv::60,1,WSSV
0.0,0,0.0,Shrimp_378-1-_jpg.rf.bb0b46defdc29eed498a3272d8058c65.jpg,C:\Users\Admin\workspace\CVio_Shrimp_Disease_Classification_Capstone_SU26\augmentation_research\baseline_opt\super_paper_fix_leakage_fourier_fair_optimization\ewu_shrimp_disease-1\train\images\Shrimp_378-1-_jpg.rf.bb0b46defdc29eed498a3272d8058c65.jpg,C:\Users\Admin\workspace\CVio_Shrimp_Disease_Classification_Capstone_SU26\augmentation_research\baseline_opt\super_paper_fix_leakage_fourier_fair_optimization\ewu_shrimp_disease-1\train\labels\Shrimp_378-1-_jpg.rf.bb0b46defdc29eed498a3272d8058c65.txt,shrimp::378,2,whitespot,WSSV-62-img-1_jpg.rf.843eea0e0c6e16a12d1dbfcfeccbf59f.jpg,C:\Users\Admin\workspace\CVio_Shrimp_Disease_Classification_Capstone_SU26\augmentation_research\baseline_opt\super_paper_fix_leakage_fourier_fair_optimization\shrimpDisHandSegV2-1\train\images\WSSV-62-img-1_jpg.rf.843eea0e0c6e16a12d1dbfcfeccbf59f.jpg,C:\Users\Admin\workspace\CVio_Shrimp_Disease_Classification_Capstone_SU26\augmentation_research\baseline_opt\super_paper_fix_leakage_fourier_fair_optimization\shrimpDisHandSegV2-1\train\labels\WSSV-62-img-1_jpg.rf.843eea0e0c6e16a12d1dbfcfeccbf59f.txt,wssv::62,1,WSSV
0.0,0,0.0,Shrimp_379-1-_jpg.rf.3a548241db6c92f8af4359c10a2d1ce6.jpg,C:\Users\Admin\workspace\CVio_Shrimp_Disease_Classification_Capstone_SU26\augmentation_research\baseline_opt\super_paper_fix_leakage_fourier_fair_optimization\ewu_shrimp_disease-1\train\images\Shrimp_379-1-_jpg.rf.3a548241db6c92f8af4359c10a2d1ce6.jpg,C:\Users\Admin\workspace\CVio_Shrimp_Disease_Classification_Capstone_SU26\augmentation_research\baseline_opt\super_paper_fix_leakage_fourier_fair_optimization\ewu_shrimp_disease-1\train\labels\Shrimp_379-1-_jpg.rf.3a548241db6c92f8af4359c10a2d1ce6.txt,shrimp::379,3,whitespot,WSSV-63-img-1_jpg.rf.7baa3126be9748b45eba10404bb68973.jpg,C:\Users\Admin\workspace\CVio_Shrimp_Disease_Classification_Capstone_SU26\augmentation_research\baseline_opt\super_paper_fix_leakage_fourier_fair_optimization\shrimpDisHandSegV2-1\train\images\WSSV-63-img-1_jpg.rf.7baa3126be9748b45eba10404bb68973.jpg,C:\Users\Admin\workspace\CVio_Shrimp_Disease_Classification_Capstone_SU26\augmentation_research\baseline_opt\super_paper_fix_leakage_fourier_fair_optimization\shrimpDisHandSegV2-1\train\labels\WSSV-63-img-1_jpg.rf.7baa3126be9748b45eba10404bb68973.txt,wssv::63,1,WSSV
0.0,0,0.0,Shrimp_381-1-_jpg.rf.f3b2998ade6d8fbbf3dc29acec90a8d4.jpg,C:\Users\Admin\workspace\CVio_Shrimp_Disease_Classification_Capstone_SU26\augmentation_research\baseline_opt\super_paper_fix_leakage_fourier_fair_optimization\ewu_shrimp_disease-1\train\images\Shrimp_381-1-_jpg.rf.f3b2998ade6d8fbbf3dc29acec90a8d4.jpg,C:\Users\Admin\workspace\CVio_Shrimp_Disease_Classification_Capstone_SU26\augmentation_research\baseline_opt\super_paper_fix_leakage_fourier_fair_optimization\ewu_shrimp_disease-1\train\labels\Shrimp_381-1-_jpg.rf.f3b2998ade6d8fbbf3dc29acec90a8d4.txt,shrimp::381,3,whitespot,WSSV-65-img-1_jpg.rf.372e114e391ddf86199f680d0ecf3afc.jpg,C:\Users\Admin\workspace\CVio_Shrimp_Disease_Classification_Capstone_SU26\augmentation_research\baseline_opt\super_paper_fix_leakage_fourier_fair_optimization\shrimpDisHandSegV2-1\train\images\WSSV-65-img-1_jpg.rf.372e114e391ddf86199f680d0ecf3afc.jpg,C:\Users\Admin\workspace\CVio_Shrimp_Disease_Classification_Capstone_SU26\augmentation_research\baseline_opt\super_paper_fix_leakage_fourier_fair_optimization\shrimpDisHandSegV2-1\train\labels\WSSV-65-img-1_jpg.rf.372e114e391ddf86199f680d0ecf3afc.txt,wssv::65,1,WSSV
0.0,0,0.0,Shrimp_382-1-_jpg.rf.9cf7aafe2ac8e838374d3735a7b92539.jpg,C:\Users\Admin\workspace\CVio_Shrimp_Disease_Classification_Capstone_SU26\augmentation_research\baseline_opt\super_paper_fix_leakage_fourier_fair_optimization\ewu_shrimp_disease-1\train\images\Shrimp_382-1-_jpg.rf.9cf7aafe2ac8e838374d3735a7b92539.jpg,C:\Users\Admin\workspace\CVio_Shrimp_Disease_Classification_Capstone_SU26\augmentation_research\baseline_opt\super_paper_fix_leakage_fourier_fair_optimization\ewu_shrimp_disease-1\train\labels\Shrimp_382-1-_jpg.rf.9cf7aafe2ac8e838374d3735a7b92539.txt,shrimp::382,2,whitespot,WSSV-66-img-1_jpg.rf.0d9f0f5bcac685894cdbf2d84f13ad45.jpg,C:\Users\Admin\workspace\CVio_Shrimp_Disease_Classification_Capstone_SU26\augmentation_research\baseline_opt\super_paper_fix_leakage_fourier_fair_optimization\shrimpDisHandSegV2-1\train\images\WSSV-66-img-1_jpg.rf.0d9f0f5bcac685894cdbf2d84f13ad45.jpg,C:\Users\Admin\workspace\CVio_Shrimp_Disease_Classification_Capstone_SU26\augmentation_research\baseline_opt\super_paper_fix_leakage_fourier_fair_optimization\shrimpDisHandSegV2-1\train\labels\WSSV-66-img-1_jpg.rf.0d9f0f5bcac685894cdbf2d84f13ad45.txt,wssv::66,1,WSSV
0.0,0,0.0,Shrimp_383-1-_jpg.rf.6a4dedf41d4f97d6636923c50103e571.jpg,C:\Users\Admin\workspace\CVio_Shrimp_Disease_Classification_Capstone_SU26\augmentation_research\baseline_opt\super_paper_fix_leakage_fourier_fair_optimization\ewu_shrimp_disease-1\train\images\Shrimp_383-1-_jpg.rf.6a4dedf41d4f97d6636923c50103e571.jpg,C:\Users\Admin\workspace\CVio_Shrimp_Disease_Classification_Capstone_SU26\augmentation_research\baseline_opt\super_paper_fix_leakage_fourier_fair_optimization\ewu_shrimp_disease-1\train\labels\Shrimp_383-1-_jpg.rf.6a4dedf41d4f97d6636923c50103e571.txt,shrimp::383,2,whitespot,WSSV-67-img-1_jpg.rf.5f4d76a16c0ec867290c247e07f9bf90.jpg,C:\Users\Admin\workspace\CVio_Shrimp_Disease_Classification_Capstone_SU26\augmentation_research\baseline_opt\super_paper_fix_leakage_fourier_fair_optimization\shrimpDisHandSegV2-1\train\images\WSSV-67-img-1_jpg.rf.5f4d76a16c0ec867290c247e07f9bf90.jpg,C:\Users\Admin\workspace\CVio_Shrimp_Disease_Classification_Capstone_SU26\augmentation_research\baseline_opt\super_paper_fix_leakage_fourier_fair_optimization\shrimpDisHandSegV2-1\train\labels\WSSV-67-img-1_jpg.rf.5f4d76a16c0ec867290c247e07f9bf90.txt,wssv::67,1,WSSV
0.0,0,0.0,Shrimp_384-1-_jpg.rf.9ece5e2a382829736925db72def58dd1.jpg,C:\Users\Admin\workspace\CVio_Shrimp_Disease_Classification_Capstone_SU26\augmentation_research\baseline_opt\super_paper_fix_leakage_fourier_fair_optimization\ewu_shrimp_disease-1\train\images\Shrimp_384-1-_jpg.rf.9ece5e2a382829736925db72def58dd1.jpg,C:\Users\Admin\workspace\CVio_Shrimp_Disease_Classification_Capstone_SU26\augmentation_research\baseline_opt\super_paper_fix_leakage_fourier_fair_optimization\ewu_shrimp_disease-1\train\labels\Shrimp_384-1-_jpg.rf.9ece5e2a382829736925db72def58dd1.txt,shrimp::384,2,whitespot,WSSV-68-img-1_jpg.rf.8e128a42513273267b76ce5432e75a91.jpg,C:\Users\Admin\workspace\CVio_Shrimp_Disease_Classification_Capstone_SU26\augmentation_research\baseline_opt\super_paper_fix_leakage_fourier_fair_optimization\shrimpDisHandSegV2-1\train\images\WSSV-68-img-1_jpg.rf.8e128a42513273267b76ce5432e75a91.jpg,C:\Users\Admin\workspace\CVio_Shrimp_Disease_Classification_Capstone_SU26\augmentation_research\baseline_opt\super_paper_fix_leakage_fourier_fair_optimization\shrimpDisHandSegV2-1\train\labels\WSSV-68-img-1_jpg.rf.8e128a42513273267b76ce5432e75a91.txt,wssv::68,1,WSSV
0.0,0,0.0,Shrimp_386-1-_jpg.rf.a51a6a4d2ec27aabf43f27ccdea5d49f.jpg,C:\Users\Admin\workspace\CVio_Shrimp_Disease_Classification_Capstone_SU26\augmentation_research\baseline_opt\super_paper_fix_leakage_fourier_fair_optimization\ewu_shrimp_disease-1\train\images\Shrimp_386-1-_jpg.rf.a51a6a4d2ec27aabf43f27ccdea5d49f.jpg,C:\Users\Admin\workspace\CVio_Shrimp_Disease_Classification_Capstone_SU26\augmentation_research\baseline_opt\super_paper_fix_leakage_fourier_fair_optimization\ewu_shrimp_disease-1\train\labels\Shrimp_386-1-_jpg.rf.a51a6a4d2ec27aabf43f27ccdea5d49f.txt,shrimp::386,4,whitespot,WSSV-70-img-1_jpg.rf.e95eec9eb89f97af775beceee8a748eb.jpg,C:\Users\Admin\workspace\CVio_Shrimp_Disease_Classification_Capstone_SU26\augmentation_research\baseline_opt\super_paper_fix_leakage_fourier_fair_optimization\shrimpDisHandSegV2-1\train\images\WSSV-70-img-1_jpg.rf.e95eec9eb89f97af775beceee8a748eb.jpg,C:\Users\Admin\workspace\CVio_Shrimp_Disease_Classification_Capstone_SU26\augmentation_research\baseline_opt\super_paper_fix_leakage_fourier_fair_optimization\shrimpDisHandSegV2-1\train\labels\WSSV-70-img-1_jpg.rf.e95eec9eb89f97af775beceee8a748eb.txt,wssv::70,1,WSSV
