epoch,time,train/box_loss,train/seg_loss,train/cls_loss,train/dfl_loss,train/sem_loss,metrics/precision(B),metrics/recall(B),metrics/mAP50(B),metrics/mAP50-95(B),metrics/precision(M),metrics/recall(M),metrics/mAP50(M),metrics/mAP50-95(M),val/box_loss,val/seg_loss,val/cls_loss,val/dfl_loss,val/sem_loss,lr/pg0,lr/pg1,lr/pg2
1,72.1804,3.36356,5.00961,5.74365,3.85357,0,0.00017,0.03752,1e-05,0,0.00012,0.03048,0,0,3.78467,5.10252,5.15683,3.97975,0,0.000547949,0.000547949,0.000547949
2,119.383,2.74805,4.34272,4.43175,3.17434,0,0.0013,0.41861,0.00111,0.0003,0.00116,0.37174,0.00076,0.00016,2.90435,4.59349,4.13326,3.26268,0,0.00109269,0.00109269,0.00109269
3,166.234,2.6139,4.15952,3.81364,2.87391,0,0.24281,0.22755,0.14403,0.04678,0.23293,0.21346,0.10768,0.0344,2.63337,4.38752,3.02398,2.90769,0,0.00162643,0.00162643,0.00162643
4,213.48,2.50295,4.09652,3.17093,2.77603,0,0.14146,0.25317,0.08782,0.02511,0.11301,0.18876,0.05539,0.02024,2.59833,4.74663,2.97963,2.86372,0,0.00161749,0.00161749,0.00161749
5,260.889,2.44625,4.00272,2.79607,2.73481,0,0.2745,0.2961,0.18522,0.05649,0.23643,0.24583,0.15308,0.03891,2.51731,4.48875,2.5991,2.78795,0,0.00160099,0.00160099,0.00160099
6,307.995,2.3755,3.90158,2.47493,2.63166,0,0.29191,0.22143,0.17021,0.06422,0.23653,0.18044,0.13134,0.04275,2.49341,4.17112,2.68366,2.80253,0,0.00158448,0.00158448,0.00158448
7,355.266,2.30207,3.7799,2.29189,2.57998,0,0.35246,0.29323,0.22689,0.07332,0.3237,0.30028,0.22072,0.0666,2.61834,3.82774,2.12799,2.74552,0,0.00156798,0.00156798,0.00156798
8,402.589,2.29454,3.69819,2.21282,2.55717,0,0.19784,0.27788,0.14262,0.03765,0.17727,0.17352,0.1122,0.03057,2.58184,4.16145,2.9845,2.78975,0,0.00155148,0.00155148,0.00155148
9,449.964,2.23494,3.59459,2.11964,2.55443,0,0.48963,0.31823,0.37424,0.13149,0.42449,0.31647,0.32124,0.11282,2.53929,3.63659,2.00998,2.76066,0,0.00153497,0.00153497,0.00153497
10,497.204,2.20181,3.54994,2.01281,2.49958,0,0.37577,0.30028,0.30647,0.08517,0.42394,0.29208,0.27362,0.07865,2.5006,3.76484,2.04994,2.76192,0,0.00151847,0.00151847,0.00151847
11,544.468,2.12778,3.42204,1.90688,2.41596,0,0.42639,0.38467,0.33657,0.12262,0.41546,0.37058,0.31659,0.11355,2.41897,3.5398,1.94434,2.64702,0,0.00150197,0.00150197,0.00150197
12,594.88,2.13561,3.45804,1.85977,2.42376,0,0.3876,0.44089,0.37014,0.12309,0.36033,0.41746,0.33714,0.10775,2.3403,3.47026,1.96367,2.55905,0,0.00148546,0.00148546,0.00148546
13,641.895,2.04538,3.36929,1.78408,2.34607,0,0.41791,0.48479,0.39873,0.132,0.38733,0.44205,0.3443,0.1192,2.32514,3.50054,2.16034,2.61109,0,0.00146896,0.00146896,0.00146896
14,689.103,2.01849,3.30833,1.7614,2.33769,0,0.6077,0.37031,0.36679,0.13827,0.60648,0.33433,0.33365,0.10896,2.32106,3.52975,2.01675,2.57675,0,0.00145246,0.00145246,0.00145246
15,736.177,2.02764,3.25717,1.72517,2.32325,0,0.48538,0.39737,0.402,0.14567,0.44762,0.35754,0.33342,0.11511,2.25521,3.69602,2.03487,2.53865,0,0.00143595,0.00143595,0.00143595
16,783.232,1.98418,3.16719,1.67805,2.32382,0,0.50397,0.41861,0.42355,0.14023,0.50314,0.40972,0.40818,0.11713,2.41029,3.56488,2.00609,2.66983,0,0.00141945,0.00141945,0.00141945
17,830.618,1.97598,3.1556,1.65926,2.30705,0,0.42691,0.41381,0.43642,0.1695,0.43896,0.4279,0.41807,0.14673,2.31279,3.45593,1.8432,2.58406,0,0.00140295,0.00140295,0.00140295
18,877.901,1.95632,3.15028,1.60581,2.28618,0,0.55591,0.44461,0.46149,0.16014,0.50993,0.41297,0.39442,0.13117,2.34155,3.51201,1.71256,2.60771,0,0.00138644,0.00138644,0.00138644
19,925.084,1.90735,3.04277,1.57729,2.22792,0,0.47325,0.42574,0.40211,0.1449,0.45038,0.39506,0.31914,0.09705,2.25035,3.85506,1.93763,2.55196,0,0.00136994,0.00136994,0.00136994
20,972.327,1.89785,3.08969,1.53722,2.19878,0,0.64106,0.37301,0.43308,0.15424,0.62263,0.36585,0.40104,0.13319,2.30208,3.4533,1.87532,2.59828,0,0.00135344,0.00135344,0.00135344
21,1019.29,1.87552,3.02264,1.4969,2.19681,0,0.62849,0.36715,0.44019,0.14401,0.57655,0.31886,0.36926,0.12174,2.42163,3.64949,1.96697,2.65359,0,0.00133693,0.00133693,0.00133693
22,1066.29,1.86998,2.99956,1.50234,2.19899,0,0.67452,0.41601,0.47918,0.19448,0.68967,0.42644,0.45744,0.16187,2.30206,3.65303,1.89725,2.58186,0,0.00132043,0.00132043,0.00132043
23,1113.31,1.8634,3.00341,1.46445,2.17734,0,0.57837,0.44793,0.47502,0.17125,0.52639,0.4245,0.43689,0.15269,2.2338,3.42753,1.81408,2.54387,0,0.00130393,0.00130393,0.00130393
24,1160.5,1.83133,2.85399,1.42053,2.16512,0,0.64477,0.46192,0.51093,0.1999,0.70673,0.47252,0.50272,0.16505,2.24234,3.56529,1.67676,2.48981,0,0.00128742,0.00128742,0.00128742
25,1207.58,1.78553,2.87648,1.38413,2.1131,0,0.67436,0.47206,0.49271,0.18143,0.63299,0.50312,0.46017,0.15503,2.37617,3.33926,1.74914,2.573,0,0.00127092,0.00127092,0.00127092
26,1254.72,1.77552,2.84146,1.3469,2.09783,0,0.42562,0.53937,0.44824,0.1842,0.51525,0.41885,0.41911,0.14985,2.40261,3.50607,1.84955,2.66633,0,0.00125442,0.00125442,0.00125442
27,1301.8,1.76393,2.76427,1.33589,2.0916,0,0.64316,0.4914,0.49766,0.17836,0.58417,0.43966,0.43231,0.14623,2.32578,3.51862,1.81541,2.58659,0,0.00123791,0.00123791,0.00123791
28,1348.63,1.77627,2.78942,1.31303,2.09141,0,0.48154,0.48299,0.42428,0.15403,0.44768,0.53937,0.41192,0.14012,2.326,3.47756,1.74509,2.56287,0,0.00122141,0.00122141,0.00122141
29,1395.37,1.74293,2.74273,1.31165,2.07401,0,0.51849,0.44054,0.46584,0.20127,0.45426,0.41503,0.40292,0.16234,2.29389,3.60405,1.81694,2.55509,0,0.00120491,0.00120491,0.00120491
30,1442.24,1.73593,2.72425,1.27719,2.06135,0,0.64779,0.50416,0.51827,0.20311,0.56225,0.38344,0.42337,0.14908,2.26972,3.60025,1.76635,2.55149,0,0.0011884,0.0011884,0.0011884
31,1489.19,1.68643,2.66582,1.22276,2.02654,0,0.6132,0.50667,0.49926,0.1926,0.64138,0.49365,0.45918,0.1659,2.3833,3.57151,1.65485,2.60618,0,0.0011719,0.0011719,0.0011719
32,1536.03,1.67174,2.65868,1.23827,2.0188,0,0.64461,0.44213,0.47876,0.17317,0.57488,0.40352,0.41447,0.1336,2.36123,3.59932,1.73933,2.66788,0,0.0011554,0.0011554,0.0011554
33,1582.98,1.68748,2.62828,1.22766,2.03242,0,0.6944,0.47252,0.51429,0.19747,0.66763,0.45728,0.48867,0.18234,2.34483,3.483,1.70531,2.59911,0,0.00113889,0.00113889,0.00113889
34,1629.89,1.67666,2.63055,1.23308,2.02086,0,0.61529,0.46675,0.47993,0.18409,0.61094,0.49134,0.4463,0.16882,2.32839,3.50172,1.88344,2.57988,0,0.00112239,0.00112239,0.00112239
35,1676.53,1.65894,2.59878,1.16464,1.98744,0,0.66818,0.41746,0.46779,0.17958,0.60527,0.42334,0.4321,0.14709,2.28651,3.51745,1.8868,2.57907,0,0.00110589,0.00110589,0.00110589
36,1723.21,1.61494,2.58958,1.13705,1.96503,0,0.65996,0.4948,0.542,0.20807,0.66449,0.40453,0.45685,0.16728,2.28115,3.60918,1.62338,2.54016,0,0.00108938,0.00108938,0.00108938
37,1770.07,1.59214,2.53291,1.13073,1.92045,0,0.53982,0.53016,0.49879,0.20651,0.51637,0.51004,0.46065,0.17067,2.24871,3.49977,1.75608,2.5682,0,0.00107288,0.00107288,0.00107288
38,1816.94,1.57284,2.51329,1.09748,1.91844,0,0.62582,0.37751,0.45465,0.20279,0.62582,0.37751,0.43278,0.17071,2.39254,3.78218,1.82227,2.60517,0,0.00105638,0.00105638,0.00105638
39,1863.82,1.55974,2.48832,1.10388,1.90205,0,0.65957,0.42728,0.49956,0.18873,0.57994,0.41937,0.43495,0.16265,2.4429,3.8777,1.80761,2.70669,0,0.00103987,0.00103987,0.00103987
40,1910.82,1.51432,2.4476,1.06365,1.87267,0,0.59249,0.57227,0.53537,0.22058,0.66556,0.49838,0.51626,0.1987,2.2053,3.43675,1.63847,2.53499,0,0.00102337,0.00102337,0.00102337
41,1957.68,1.50925,2.50507,1.06178,1.86582,0,0.58651,0.46664,0.51139,0.20388,0.59032,0.45024,0.47432,0.18174,2.31736,3.53948,1.61538,2.60297,0,0.00100687,0.00100687,0.00100687
42,2004.48,1.49997,2.41135,1.03166,1.84942,0,0.59231,0.49827,0.48516,0.19792,0.51536,0.435,0.41795,0.16101,2.36812,3.75681,1.72815,2.69925,0,0.000990365,0.000990365,0.000990365
43,2051.46,1.48448,2.39463,1.02564,1.83111,0,0.7351,0.43385,0.49733,0.18874,0.72696,0.43767,0.48111,0.17404,2.40449,3.67546,1.67463,2.73367,0,0.000973861,0.000973861,0.000973861
44,2098.39,1.44401,2.38054,1.03133,1.80694,0,0.67992,0.49463,0.53004,0.21177,0.65602,0.47365,0.48386,0.19386,2.30721,3.3488,1.57933,2.61319,0,0.000957358,0.000957358,0.000957358
45,2145.47,1.46728,2.35762,1.00045,1.81208,0,0.7299,0.46664,0.52913,0.22321,0.72752,0.45406,0.49038,0.18793,2.32625,3.59306,1.64126,2.70418,0,0.000940855,0.000940855,0.000940855
46,2192.16,1.45196,2.36587,0.98177,1.8137,0,0.59609,0.51561,0.53161,0.21952,0.51069,0.49838,0.47235,0.18939,2.32914,3.50834,1.7013,2.60927,0,0.000924352,0.000924352,0.000924352
47,2238.78,1.43307,2.30193,0.98661,1.79554,0,0.59348,0.58739,0.5396,0.22458,0.58929,0.56396,0.51276,0.20309,2.28592,3.46833,1.53625,2.62549,0,0.000907848,0.000907848,0.000907848
48,2285.55,1.4182,2.33084,0.95463,1.77255,0,0.65792,0.45728,0.50044,0.20975,0.60908,0.42681,0.43891,0.17669,2.33869,3.58836,1.67345,2.68532,0,0.000891345,0.000891345,0.000891345
49,2332.15,1.38958,2.26616,0.92831,1.75292,0,0.63722,0.47957,0.49137,0.2017,0.62094,0.46317,0.45539,0.17606,2.31237,3.54383,1.57218,2.74316,0,0.000874842,0.000874842,0.000874842
50,2378.58,1.39855,2.29805,0.93029,1.75547,0,0.65243,0.48339,0.5089,0.19953,0.67886,0.45167,0.47091,0.17851,2.31123,3.58651,1.63089,2.72411,0,0.000858338,0.000858338,0.000858338
51,2425.11,1.36654,2.23022,0.8971,1.72454,0,0.60821,0.52122,0.4761,0.20747,0.65543,0.55286,0.4937,0.18373,2.31267,3.43063,1.60201,2.72001,0,0.000841835,0.000841835,0.000841835
52,2471.67,1.35522,2.22293,0.91162,1.70555,0,0.58498,0.50069,0.46709,0.18623,0.61002,0.49125,0.4745,0.18311,2.48331,3.5841,1.6126,2.84328,0,0.000825332,0.000825332,0.000825332
53,2518.37,1.34325,2.20634,0.90301,1.7094,0,0.57905,0.49955,0.47997,0.18724,0.56806,0.44909,0.4279,0.16101,2.40117,3.77612,1.76164,2.80231,0,0.000808828,0.000808828,0.000808828
54,2564.85,1.34921,2.19393,0.88828,1.701,0,0.63496,0.52282,0.52257,0.20127,0.55656,0.46263,0.43656,0.17565,2.40459,3.84309,1.70014,2.84207,0,0.000792325,0.000792325,0.000792325
55,2611.35,1.34505,2.17586,0.87446,1.70967,0,0.62862,0.4761,0.51565,0.20791,0.613,0.46202,0.47853,0.18309,2.34612,3.8133,1.56534,2.77767,0,0.000775822,0.000775822,0.000775822
56,2658.28,1.32484,2.12193,0.86365,1.6916,0,0.60466,0.52441,0.50989,0.21126,0.57765,0.50832,0.48563,0.1896,2.38301,3.66551,1.63817,2.82725,0,0.000759318,0.000759318,0.000759318
57,2705.86,1.30153,2.12216,0.84597,1.67334,0,0.64922,0.45498,0.47265,0.20729,0.66083,0.46202,0.46251,0.19244,2.43145,3.72487,1.73873,2.87952,0,0.000742815,0.000742815,0.000742815
58,2754.87,1.29007,2.10639,0.81855,1.64884,0,0.66369,0.43385,0.49267,0.20265,0.61579,0.48705,0.48872,0.18494,2.40985,3.77345,1.67702,2.8301,0,0.000726312,0.000726312,0.000726312
59,2805.87,1.29046,2.10892,0.82099,1.66179,0,0.61287,0.51016,0.49369,0.20961,0.59895,0.49424,0.47577,0.17872,2.28669,3.55567,1.61747,2.70808,0,0.000709809,0.000709809,0.000709809
60,2855.8,1.23253,2.06878,0.81811,1.61423,0,0.65662,0.47726,0.51073,0.21597,0.65139,0.4761,0.49534,0.1954,2.32616,3.61452,1.52321,2.75048,0,0.000693305,0.000693305,0.000693305
61,2905.84,1.23869,2.05607,0.78634,1.60264,0,0.5743,0.4843,0.46619,0.18901,0.63409,0.43858,0.46367,0.17553,2.40897,3.77551,1.60943,2.84911,0,0.000676802,0.000676802,0.000676802
62,2956.35,1.21087,2.0359,0.78332,1.58528,0,0.61423,0.52759,0.54875,0.22725,0.6362,0.47029,0.48435,0.18771,2.39683,3.86602,1.64193,2.92216,0,0.000660299,0.000660299,0.000660299
63,3005.93,1.22043,2.01979,0.78832,1.60097,0,0.70399,0.49334,0.50449,0.19421,0.72232,0.48761,0.49217,0.18226,2.4145,3.80779,1.58407,2.88372,0,0.000643795,0.000643795,0.000643795
64,3054.23,1.19698,1.97915,0.75847,1.57936,0,0.61091,0.49585,0.48976,0.21045,0.64626,0.50658,0.4967,0.19726,2.42743,3.77776,1.56133,2.91635,0,0.000627292,0.000627292,0.000627292
65,3102.98,1.19392,1.98524,0.76003,1.56387,0,0.67891,0.50543,0.50857,0.21042,0.67219,0.49838,0.48872,0.19301,2.36552,3.77171,1.73156,2.82783,0,0.000610789,0.000610789,0.000610789
66,3151.82,1.18698,1.98015,0.75165,1.56411,0,0.68568,0.48197,0.49511,0.20365,0.69866,0.50427,0.50514,0.18508,2.30728,3.77545,1.58914,2.83055,0,0.000594286,0.000594286,0.000594286
67,3201.49,1.17958,1.95701,0.75019,1.55396,0,0.72036,0.5055,0.5168,0.20835,0.71835,0.50073,0.45711,0.1851,2.2824,3.69952,1.56627,2.89264,0,0.000577782,0.000577782,0.000577782
68,3250.49,1.1659,1.96405,0.75525,1.54911,0,0.64633,0.51824,0.49193,0.19661,0.64156,0.52115,0.47454,0.18021,2.44301,3.69535,1.6502,3.07074,0,0.000561279,0.000561279,0.000561279
69,3299.58,1.13623,1.90964,0.73335,1.51201,0,0.61648,0.49365,0.47251,0.19064,0.6786,0.49191,0.46754,0.17958,2.38621,3.8593,1.64396,3.04544,0,0.000544776,0.000544776,0.000544776
70,3348.07,1.12296,1.89965,0.70576,1.50602,0,0.6177,0.48769,0.49093,0.19777,0.62503,0.4925,0.462,0.17092,2.35261,3.92576,1.65169,3.01128,0,0.000528272,0.000528272,0.000528272
71,3396.16,1.12864,1.86943,0.71539,1.51049,0,0.6575,0.52937,0.5247,0.20232,0.72899,0.44909,0.45043,0.17776,2.34489,3.91328,1.60416,2.85269,0,0.000511769,0.000511769,0.000511769
72,3444.39,1.11238,1.89169,0.70148,1.49201,0,0.60562,0.54331,0.50671,0.19876,0.55191,0.46296,0.41652,0.16711,2.37909,3.83766,1.64878,3.01611,0,0.000495266,0.000495266,0.000495266
73,3492.63,1.1214,1.85559,0.71072,1.50273,0,0.73368,0.4432,0.52784,0.21784,0.67884,0.41976,0.45807,0.19175,2.40651,3.93693,1.639,2.98988,0,0.000478762,0.000478762,0.000478762
74,3540.19,1.10218,1.86322,0.69805,1.4909,0,0.5738,0.50006,0.49229,0.20641,0.66577,0.42796,0.45075,0.19016,2.40149,3.67487,1.60626,3.02794,0,0.000462259,0.000462259,0.000462259
75,3587.6,1.09492,1.84233,0.67708,1.48791,0,0.66794,0.47582,0.49717,0.20161,0.6441,0.45779,0.43387,0.17936,2.42939,3.86908,1.68356,3.10219,0,0.000445756,0.000445756,0.000445756
76,3636.2,1.06116,1.79391,0.67754,1.45501,0,0.56948,0.49954,0.49038,0.21717,0.55994,0.49152,0.44673,0.18542,2.35693,3.86155,1.67079,3.01553,0,0.000429253,0.000429253,0.000429253
77,3684.87,1.0504,1.78554,0.65269,1.44898,0,0.62818,0.52841,0.53119,0.22152,0.71276,0.45498,0.48179,0.19528,2.36906,3.91179,1.53271,3.07147,0,0.000412749,0.000412749,0.000412749
