path,size_bytes,sha256
00_collection_metadata/COLLECTION_INVENTORY.json,588,9ae8c1ffa30654d8c9d0be8167aefd41d3a6a91cfb6ec86e501ca35df0d152da
00_collection_metadata/COLLECTION_README.md,1358,365b8028ff85e84d9e47f8f693460a012981b52cb27f2a766c78c55a78a2ef9b
01_method_source/NAME_MAPPING.md,523,25dff01a9dd305ae7ac0a39799db4dbbff5c6eeaf40661b8cea0e894e26e60f4
01_method_source/configs/yolo11s_RECSRA_SD001_A_RCCM.yaml,1640,4d9c3c5237ac8343e84402be0b239ff9ebd4ce096db05f6ac91f73ffab5d28db
01_method_source/package/01_PREPARE.sh,512,e7ef682cce4441d179cf3342394f461cb9e110cd342a2f7c12b718169e2c6072
01_method_source/package/01_patch_ultralytics.py,1039,85ba3f2c678aa439a8216317aa99b01ca604e9cb6f05da662e732c002767d4c4
01_method_source/package/02_SMOKE.sh,549,f2142f6fffef084eb7633093acb0115881da39a6a3a1e5209371391c7374c844
01_method_source/package/02_generate_configs.py,1048,04fa34f5c379ceabadc1b374baf434e49d71d69eb442744a37c94115738cc252
01_method_source/package/03_RUN_LIVE.sh,694,df61c64b8c26bf1b6a40e0ab05fa2754fdc70e1c9a24bd3a736d965dec58638e
01_method_source/package/03_single_run.py,4873,2111fb7d04f9d3bf104c5a1f220b882f8377ab95a942cf5917976894a2d446ea
01_method_source/package/04_SHOW_WINNER.sh,196,92b7cac63514fd273446bca21fcfabc21ff487cba4917529c86d7730950aac29
01_method_source/package/04_run_all.py,2154,2576d5199b6b5bbe4ec8a3995439adcca0ac51710ce20f28a3e0b999f0d7899e
01_method_source/package/05_show_winner.py,1007,8d5df5ec5653ab3a9a0250d6b67baa656a5720588639a7a30338a56dfdf2e781
01_method_source/package/06_preflight.py,1012,e432be9e13be8b2e5b5ebc105fe3868d7f263704e5cf15edb4d7ecc6daee4b2f
01_method_source/package/SLDRA54_MANIFEST.csv,3788,f20518ade5deae60881229e39aa543a7585726e8c67c21885144d63f56b22372
01_method_source/package/sldra_block.py,3326,0a48957dd16841c1c82fed7d541f9a8a8c4d898e8cb354261f4d2e968a865c07
01_method_source/runtime_ultralytics/ultralytics/cfg/default.yaml,9584,bec33a94268c13299bd4afffcb21dcc34da0886bb4f2dff2bad19960193b764f
01_method_source/runtime_ultralytics/ultralytics/cfg/models/11/yolo11.yaml,2012,43d8a7c86acc77282ddf4966d6526e091e5b064c140ed4a6e4c0b68ecbc3784c
01_method_source/runtime_ultralytics/ultralytics/engine/model.py,54549,8a846fec9d5fe98fc425b2f871090a92d3e40fe79b278c6074c23b2c11c2f967
01_method_source/runtime_ultralytics/ultralytics/engine/trainer.py,52360,9064ec6470efc8e534bcf8b76e1014675b9f8dbdf043d5e862239b2dc5b3ac74
01_method_source/runtime_ultralytics/ultralytics/models/yolo/model.py,19053,56ef2c9546ab58d442ec4df5899c194b125320f423e18800249d2075311d7e11
01_method_source/runtime_ultralytics/ultralytics/nn/modules/__init__.py,4615,0a63a01628344ee6a68984de011788288856ac3e0481e9f002d64895be84ffa5
01_method_source/runtime_ultralytics/ultralytics/nn/modules/block.py,74891,b9e24e66aaaebd5296a01ab518e0686a9d37bda76e0299cc4329e9ed22409039
01_method_source/runtime_ultralytics/ultralytics/nn/modules/conv.py,21090,c802f36ea1596d8910f2b651d57877b50a4960857b97cbb5a20d44a1dbbaa774
01_method_source/runtime_ultralytics/ultralytics/nn/modules/head.py,82059,65f85b83275f66d001d9c5df09439c971935ef3637b83c63f471b117bcbd9b8a
01_method_source/runtime_ultralytics/ultralytics/nn/modules/sldra_block.py,3326,0a48957dd16841c1c82fed7d541f9a8a8c4d898e8cb354261f4d2e968a865c07
01_method_source/runtime_ultralytics/ultralytics/nn/tasks.py,92587,5eddaa5b2df9ad519f5ed13242a545d0790928f0dc9e214243df882c4fdd3391
01_method_source/runtime_ultralytics/ultralytics/utils/torch_utils.py,41906,60ed8e18561375c29ffafbba684b93cd0e5c5d13609e0adadb8ce1cb457e9aee
02_checkpoints/LOCKED_CHECKPOINT_SHA256.txt,388,358c7bb40ea4609aab83ab4c5dacdf313b1995c05a1d760e12c63b25df85dc69
02_checkpoints/yolo11s_RECSRA_SD001_best.pt,17194564,c1652101bb870a0b174b569ac47a70bb8cfafe119577e1ca2fe2de87f57824ff
02_checkpoints/yolo11s_RECSRA_SD001_last.pt,17194564,1d460850f33c15d5e980feda135ae906a7b59b0826ef8237a11c9c5793243d27
02_checkpoints/yolo11s_baseline_best.pt,19279898,b9e30aa76f819126c7e6e9f3d3007a74d0839ad1f95941978a6a214484eb219d
03_training_artifacts/BoxF1_curve.png,103767,99b14e48c75121924e02161ad93222cff71faa341427c88cbb3efcc86daa6fc5
03_training_artifacts/BoxPR_curve.png,121889,763d6ef2e7131552173d5cc16c0c86287d173db8414d98e776775a90dcfc68eb
03_training_artifacts/BoxP_curve.png,144085,2d6f017a35baa1401790313adca0f527c76d81cfd7de268ac3ce24f04edc83ea
03_training_artifacts/BoxR_curve.png,110002,55b165f3d547187a573c1906ad6032a46b9fa6664e04efbd76296f9e1043b346
03_training_artifacts/SD001_A_RCCM_EV015FAIR_200E_SEED42.json,791,69850f6d25bc51393f19b03ba172bba1624f7db7825d4c8c85b9618cab9ecdde
03_training_artifacts/SD001_live_log_segment.txt,2903817,192f6d115fcbd1fde1582b1736180b2ced8048cc82b4b1a58e6ec585a8161e4c
03_training_artifacts/args.yaml,1958,be0920a809bcbd3c301ddf5126965bbc1fae2d92a4444f5582a1b136ac7ada5b
03_training_artifacts/confusion_matrix.png,103640,855e88056d8fa2c972d3f154bfd86ccfdcaea8473c4859f765c82dec3e075455
03_training_artifacts/confusion_matrix_normalized.png,111873,88256adfdc616443c09b2e4161940d4e738aeb47e16dd42ef4f326113a7b8caf
03_training_artifacts/full_experiment_log.txt,115290112,0427bf71275ecd3ae7a3b8fb94644a65756032463b64bcf7d1b2cd744d55869a
03_training_artifacts/labels.jpg,108166,64e7e6defdc38a73cbc3d1edddb0d7444ac6e40dfdce466543d0b17dab2db14c
03_training_artifacts/results.csv,25357,a41e5675185e0176413cbafd5eff58a30827b4dbd9a7ab066b958b432ca7aa76
03_training_artifacts/results.png,365532,9fd79b049690c7c072137cea3ad65573063b6cff99576982d98db8a79b3e16e0
03_training_artifacts/sldra54_seed42_results.csv,16760,db00c35b6d7b130b7c84970e1c79df13c6a7b4e1f4d944fd8c0c0d77ccdb1564
03_training_artifacts/train_batch0.jpg,147734,fdcc81d776caa4d946c6b6736a9d64a1a0d5abfdf12cef028afa11a7bda75be5
03_training_artifacts/train_batch1.jpg,279824,4f1d43601f4d01406c30432366225ac2ad67736067fa0a241514a4f4b48fce37
03_training_artifacts/train_batch2.jpg,217612,866e0c525e916740177445383a8b12efcdc7674253ae07e8e942617133ce0434
03_training_artifacts/val_batch0_labels.jpg,431199,02f67f741e54f27720273ef687423c4ace499925fdf41171d2e83defb8a57c60
03_training_artifacts/val_batch0_pred.jpg,438154,362244d03c4d5591bf6de612be48fb835c4b8ec1bbe8f69dc153183ae4d81f5e
03_training_artifacts/val_batch1_labels.jpg,733890,bb179dfaf1cb19f0a0d7e380d0e66236676b2644b2501df319bc6de86d6d223a
03_training_artifacts/val_batch1_pred.jpg,736046,d26d596ea200936bcdaa33773c707012bf9db0283f1a621c21ea2cc44f79a573
03_training_artifacts/val_batch2_labels.jpg,269327,d47980e5ad9874104b0956646f640225f9008798b3a97bf001b42f3af1f26b5b
03_training_artifacts/val_batch2_pred.jpg,260983,9ec3e05a09a938c3520506b9e3cee7f181566e9231b5932995985ceac8ef4a12
06_corruption_benchmark/benchmark_source/README.md,2834,473794ad238b26e0adc08189cda0dd36e58666d5ba14910133d7aff985c4dd22
06_corruption_benchmark/benchmark_source/RECSRA_Mobile10_RTX4090.ipynb,1615,fa03577df69580c747e3eb7b5768fc25cd43b9ed8e6c39c8d2768ea73db5418f
06_corruption_benchmark/benchmark_source/__pycache__/benchmark.cpython-312.pyc,31022,f158a065b6ce27fdb2bcd25be72ac9955d2248d647ba051a49ae9c31f4fd957b
06_corruption_benchmark/benchmark_source/__pycache__/eval_worker.cpython-312.pyc,4236,a45a2ef2206f7b4850d4028c2e8e5c5554f572dda028fcb40d5163e01b2684af
06_corruption_benchmark/benchmark_source/__pycache__/mobile_corruptions.cpython-312.pyc,11844,5322a2f3fa0d9c4e7e38be1d207d2a5dae22fe7458546432a9afb2fc8c0062a1
06_corruption_benchmark/benchmark_source/__pycache__/patch_ultralytics.cpython-312.pyc,3237,5558fbc0d9594eb856d96e3a239b020b72ca84078895f0172c7a43bd2c772b26
06_corruption_benchmark/benchmark_source/__pycache__/sldra_block.cpython-312.pyc,9235,904a3e6d27a91214480941cb31625d9a93bccb5a7e43f0de2cada1bf69521465
06_corruption_benchmark/benchmark_source/benchmark.py,19577,4afcacbc3f55188fe5ed187e7486a5dc0bed941b2b53b1d924e8c2af47dbac3e
06_corruption_benchmark/benchmark_source/eval_worker.py,2438,6c420e3f718d66eaef83ab2533df468f45337b638e27b8ff904dab792f51a870
06_corruption_benchmark/benchmark_source/mobile_corruptions.py,6181,2f972377cd3fe923d3b7686e044523d13b2d90e52b5e8488c5e3b81e5ead827f
06_corruption_benchmark/benchmark_source/noise_protocol.json,4712,e12d2fc97b207ce91f255cd0dcbc98b1848549ddadcdf709292504be08f881cf
06_corruption_benchmark/benchmark_source/patch_ultralytics.py,2105,47067e58401d106610fc6a4074bb270e8d416a93309dd01be9a1d6bf13e84e21
06_corruption_benchmark/benchmark_source/run_rtx4090.sh,2671,d0c8fafa9affa2f1b95ef7c3b0e26b94905007f252a8f7d847e55228f1a3aaec
06_corruption_benchmark/benchmark_source/sldra_block.py,3326,0a48957dd16841c1c82fed7d541f9a8a8c4d898e8cb354261f4d2e968a865c07
06_corruption_benchmark/original_archives/RECSRA_mobile10_RTX4090_final_results.zip,7581433,c5267033f0907048ffd747140373822ab3c67e19703abfad47cb4181fa99cefe
06_corruption_benchmark/original_archives/RECSRA_mobile10_RTX4090_final_results.zip.sha256,108,584c5c45743c030d06d48d379148c7060dafdb12e69bb61565abc742375d629e
06_corruption_benchmark/raw_results/FILE_MANIFEST_SHA256.csv,24047,36db9fa8ade4c95401a11a275da9534e4a48ddee72140dce356c3683d20fc5d2
06_corruption_benchmark/raw_results/FINAL_REPORT.md,1039,68e68d3dbeebcba51ed5eb2f152fd254b4f55c4db2e625fbc011dbb2b42fb190
06_corruption_benchmark/raw_results/RECSRA_mobile10_RTX4090_final_results.zip,7581433,c5267033f0907048ffd747140373822ab3c67e19703abfad47cb4181fa99cefe
06_corruption_benchmark/raw_results/RECSRA_mobile10_RTX4090_final_results.zip.sha256,108,584c5c45743c030d06d48d379148c7060dafdb12e69bb61565abc742375d629e
06_corruption_benchmark/raw_results/all_clean_and_50_condition_metrics.csv,57297,2ddb23f652cd9f096144ce512fde8e162992e61616e5b63b63903e81bad0416d
06_corruption_benchmark/raw_results/clean_metrics.csv,1197,adf84d1138447345e998d512d69394ab2c33f10c5940200a0d570e81960ed19a
06_corruption_benchmark/raw_results/metrics_json/CLEAN/baseline.json,675,233057d79f952a4866da6ef73f4ed92749ce4a8dae6cba4fc2df5aae702e9c1a
06_corruption_benchmark/raw_results/metrics_json/CLEAN/baseline.log,3880,983c7730ea68b13fc9840f741e9bbfef8d18e08bc8aaa6c1963ff384823c061c
06_corruption_benchmark/raw_results/metrics_json/CLEAN/recsra.json,723,11e85584077e43526e6ecf66738ac2135464ff62d8131db3319b3ce4caef2b1f
06_corruption_benchmark/raw_results/metrics_json/CLEAN/recsra.log,3782,d2de7301b15e0a33fa840b948fb56459246651f3445374f6354bd981ac967367
06_corruption_benchmark/raw_results/metrics_json/N01_S1/baseline.json,701,ef90e4595810ea22f70e91a67ed463009ff784edcbd1a0116de94445f4ccb3ce
06_corruption_benchmark/raw_results/metrics_json/N01_S1/baseline.log,5830,611f70634c7bfe488993dd37b832708ae3e5d00ffd894bf302c68673a9900db7
06_corruption_benchmark/raw_results/metrics_json/N01_S1/recsra.json,744,bb517411497a1223f67de59321eb33c36358b8a19b75347d2b8b3fbcf2f17371
06_corruption_benchmark/raw_results/metrics_json/N01_S1/recsra.log,5742,3a17ea4aad26a93bc1fafb0cb1b3a7f69d9fb8bae682f1c9b9798ff7fd6c7736
06_corruption_benchmark/raw_results/metrics_json/N01_S2/baseline.json,697,e4d4c458fe45f2b28602d87de0e7cdf7e54a610f816a6d30d01cbf562e1cfbc7
06_corruption_benchmark/raw_results/metrics_json/N01_S2/baseline.log,5987,19fe5f46c8812b818dde5c0f38dcc2bc36720702297c948c2d1807a938f4c7af
06_corruption_benchmark/raw_results/metrics_json/N01_S2/recsra.json,744,5a18b316ad4dbb7730c5de50ec9260399b9a7b4d6a0d9f32d5382c5cf55cb64c
06_corruption_benchmark/raw_results/metrics_json/N01_S2/recsra.log,5903,9f94ff02af6bf4bff80d0dc691fd20556b620e7c1673338602f34d3430caedf9
06_corruption_benchmark/raw_results/metrics_json/N01_S3/baseline.json,708,92c9166d799712014b0777e45b5159abeb3aedb5351049fdbaa35581d1952d83
06_corruption_benchmark/raw_results/metrics_json/N01_S3/baseline.log,5998,916feb00c41501c4d2f5561e2c643a3bc5fc9ea9489f411b00ec6ec8835b83fa
06_corruption_benchmark/raw_results/metrics_json/N01_S3/recsra.json,748,f518b8f987284d258845a07c5b390f6e20e9bc40c7a4f183f9c9cadefa4512b9
06_corruption_benchmark/raw_results/metrics_json/N01_S3/recsra.log,5907,86324def545418a92861982b14bdc1baf71b0aa2f69af40b432f1527fb407c19
06_corruption_benchmark/raw_results/metrics_json/N01_S4/baseline.json,710,f155ac0a286f6c0722d4c4f52119fa0d1e6861a4a10a94c8c30d2153f54d4502
06_corruption_benchmark/raw_results/metrics_json/N01_S4/baseline.log,6000,99d6edcd73c031d1b65e95c3f156a3ef378711974c61216918cf72dd7b9521fc
06_corruption_benchmark/raw_results/metrics_json/N01_S4/recsra.json,754,e308fb4033a66e8bbf8cc83c20387fb012f47cf0740643c1b132b2a3d84c550f
06_corruption_benchmark/raw_results/metrics_json/N01_S4/recsra.log,5913,9e8319d918516d1c6791aa3f16610dc18da0c353b0dedb84826828f63d9aa5fa
06_corruption_benchmark/raw_results/metrics_json/N01_S5/baseline.json,694,e8a490472d77e89d7119c3ab805b39743b78705723e48568a445d00da009b964
06_corruption_benchmark/raw_results/metrics_json/N01_S5/baseline.log,5984,1e698419f1d4bcebda9a009da9e0b4a3d49f014501a0eb6c2f9aa86fb07e238c
06_corruption_benchmark/raw_results/metrics_json/N01_S5/recsra.json,758,e675776293a4f4a511bf63788dae1b953402d690587b10966a39a04717cfd472
06_corruption_benchmark/raw_results/metrics_json/N01_S5/recsra.log,5917,4f46970837da0ab939471d266743211386b7ac39b6c329a8ff33791a86f99834
06_corruption_benchmark/raw_results/metrics_json/N02_S1/baseline.json,696,088386ae9e70191b9836610c9dfb8aaa65a1c7a5826d76bf60f7aeab6e39ed35
06_corruption_benchmark/raw_results/metrics_json/N02_S1/baseline.log,4224,d5afa17950c595a43064e5618bc2a6245efdf449f4225978e51b78cd1ca0285f
06_corruption_benchmark/raw_results/metrics_json/N02_S1/recsra.json,743,f2a4a136ec0249a310926d6fd3d8d31e8b950a5ca74cd8ebf139606a62028121
06_corruption_benchmark/raw_results/metrics_json/N02_S1/recsra.log,3979,b0af574142441a7e13b2ab87ea994c1c3ef5d9be75b83cc354c983969d753104
06_corruption_benchmark/raw_results/metrics_json/N02_S2/baseline.json,694,56caa4ebedbe21242160ccaee53058caba9b789cbb34b85e32f622c2051132f3
06_corruption_benchmark/raw_results/metrics_json/N02_S2/baseline.log,4222,04af3016e9736e0387257beb63a4eeec2939a98c9c555bafe4792a5edce73e67
06_corruption_benchmark/raw_results/metrics_json/N02_S2/recsra.json,744,2b68935b4b94539f2b62d149d33d06d26c478bb4c3fd99d89fd1b1e1a4d118ce
06_corruption_benchmark/raw_results/metrics_json/N02_S2/recsra.log,4141,b97b629ac319780bcd231b889771b76714d60c0b83844d9f471d271a5dd8cd35
06_corruption_benchmark/raw_results/metrics_json/N02_S3/baseline.json,700,4d28393c1ef85869ae701b9706e2afd3603545d0273ca695ddf23933a04e64dd
06_corruption_benchmark/raw_results/metrics_json/N02_S3/baseline.log,4228,ce9df7e517a4e2ed2a03ec2dc7947d86011f61fa1a4c4149d4e30f0230713971
06_corruption_benchmark/raw_results/metrics_json/N02_S3/recsra.json,744,582598d6bd7b4ae4d103dfb30b55f9b4b6707734eb11233db7ad53746a8b68ec
06_corruption_benchmark/raw_results/metrics_json/N02_S3/recsra.log,4141,47d9116e46b997aea7add940e0f6e4728902514b7461672ee30e8fce7dfae542
06_corruption_benchmark/raw_results/metrics_json/N02_S4/baseline.json,696,01b30854096ef1d76bf3d6cd3753a0332ce33c8daed590739294bbe8fdec39f7
06_corruption_benchmark/raw_results/metrics_json/N02_S4/baseline.log,4225,7347ff614ab64abe9cd1bd08ee4d290fd94a3190f5ab451dd8f225680ac36756
06_corruption_benchmark/raw_results/metrics_json/N02_S4/recsra.json,743,c16ff2f831c014cef53eeedd22f3977e799c39ee16131c48967cf430ecbb96fe
06_corruption_benchmark/raw_results/metrics_json/N02_S4/recsra.log,4139,84b2c25f61ad05c283cf2a0a7c6007bdf1e345a823c7a84ef25b90623c870bba
06_corruption_benchmark/raw_results/metrics_json/N02_S5/baseline.json,697,bfd184034877e2a4c865e4e347ed7d25bd855c4d4a27070c573ee8eedadc01e2
06_corruption_benchmark/raw_results/metrics_json/N02_S5/baseline.log,4225,3e62bb1cd7fc3661b166e2a2d11d2412f84aa4ec085053e103aaf6114372a3ab
06_corruption_benchmark/raw_results/metrics_json/N02_S5/recsra.json,745,0937d8ba4c2c59d72a38a6248ff1305cf18d4942c600f7d29fdbc4edf2284768
06_corruption_benchmark/raw_results/metrics_json/N02_S5/recsra.log,4142,98518f9e545c8f9ebbb98634bad805ccd1a00be2e641d46d959781369861f1ed
06_corruption_benchmark/raw_results/metrics_json/N03_S1/baseline.json,698,2e983fb80b41eda288113ff0e5f001e67f5223b69cecfa0a7aa4810fceeb9ed3
06_corruption_benchmark/raw_results/metrics_json/N03_S1/baseline.log,4065,8bb8ae83625da1b3bfa701fbbe8c4564060ab3820b68461ab6e9d5ae0db406e5
06_corruption_benchmark/raw_results/metrics_json/N03_S1/recsra.json,742,f4f2d052bb4cf390e94651aecc31d9377159b3d5595306fbddcc0d72473371f5
06_corruption_benchmark/raw_results/metrics_json/N03_S1/recsra.log,3978,123e73bd47a035e5b7a896a42274c776074da417d9ff7227edd263634d4522af
06_corruption_benchmark/raw_results/metrics_json/N03_S2/baseline.json,698,da04d1172e0392919b70f46e0b7d5a75ffd086c6f69fedf1670c92f5e172e291
06_corruption_benchmark/raw_results/metrics_json/N03_S2/baseline.log,4066,7413dcb1946aab1ffa9d61b90770baacffb10833ae5b225597b0a6abff355c6f
06_corruption_benchmark/raw_results/metrics_json/N03_S2/recsra.json,742,755b1bd43219cc86b3aff0d7425455ab470c1b1a73f0d7c2ff1e16531ca9e8d7
06_corruption_benchmark/raw_results/metrics_json/N03_S2/recsra.log,3978,0266d9bd5e31168c321f5362cb5fce30a0ddce16897f26ac7397fc6f431e7ab8
06_corruption_benchmark/raw_results/metrics_json/N03_S3/baseline.json,697,023a6be5e3be1f4aa8fd0a9a5308394ff92ef6ff96872b621d61a155447f6872
06_corruption_benchmark/raw_results/metrics_json/N03_S3/baseline.log,4064,141f0c13163de3083cdf19a334e5fd542a372f9a0a725c1e7cde9bb09f6260eb
06_corruption_benchmark/raw_results/metrics_json/N03_S3/recsra.json,740,3a200063c9a48bf12c13ccb3ddf16d155c035c4d23c7f153debd977fa7b0cc26
06_corruption_benchmark/raw_results/metrics_json/N03_S3/recsra.log,3977,aec5d3d813d52c879eb1fd866fc7a3e062369a561bc694ceb225fe35370ca843
06_corruption_benchmark/raw_results/metrics_json/N03_S4/baseline.json,695,8d5ecbf9cdcd3f807f3962037ba93833923cc38ac5da216f2be394ae8eebf36a
06_corruption_benchmark/raw_results/metrics_json/N03_S4/baseline.log,4062,f14e509660505e856eb070b3cb622a6892a7b46aa17f33db439881b2a0e19cb6
06_corruption_benchmark/raw_results/metrics_json/N03_S4/recsra.json,743,e985bf37eca73fc28b7d9dbfad313f1314971f8c9f5f815406d04f42e0ef8c26
06_corruption_benchmark/raw_results/metrics_json/N03_S4/recsra.log,4140,79f6940ee36fbd7db9f7fbb1a2fa113935eba34e60efdd27b99c25c055370ab4
06_corruption_benchmark/raw_results/metrics_json/N03_S5/baseline.json,696,bb760e8772c9ada363a6096205f80a66f640f05786cbf59394b6a83d550b23af
06_corruption_benchmark/raw_results/metrics_json/N03_S5/baseline.log,4063,305638da8d605664c59c51da484864e7afbe0b1ed8a6798617fb493992bffef7
06_corruption_benchmark/raw_results/metrics_json/N03_S5/recsra.json,745,85a8d7996c2ce9fdaef9bba70ca826d0bf5fc2e5e312f01ae9208cbdb5788a7e
06_corruption_benchmark/raw_results/metrics_json/N03_S5/recsra.log,3981,5fd309b0081945f87b001d620a40960b8793fb66ae23c6e54da23ca7f8eaef20
06_corruption_benchmark/raw_results/metrics_json/N04_S1/baseline.json,701,41f00c0b0c5ca5e26163344ecf42e3d411bb07fb9a04daefe12e6cde259cced5
06_corruption_benchmark/raw_results/metrics_json/N04_S1/baseline.log,4229,0bc345e24489ae9b9b7a064e0662848d68ddd3b6f142b54e9bc8722ce17c42f0
06_corruption_benchmark/raw_results/metrics_json/N04_S1/recsra.json,745,10e29214b6aa4263d6b6263275437e3ea43fb5baa25fd75366b96c6bbc6487ac
06_corruption_benchmark/raw_results/metrics_json/N04_S1/recsra.log,4142,124113b1d5ecd326536f8c67a5660bbad1357da0847dfdf7e88aae27b1570fdb
06_corruption_benchmark/raw_results/metrics_json/N04_S2/baseline.json,700,9426941f5d308559e0af94da90426a8962e8a52d569a2840fc1650078d2c3189
06_corruption_benchmark/raw_results/metrics_json/N04_S2/baseline.log,4228,6f18f519b7b8d0eff85d8d92d27d738423845e3b6cd1486c2e594f7814678bbd
06_corruption_benchmark/raw_results/metrics_json/N04_S2/recsra.json,741,826af2f047f7aec0bd20c233343536340fcf83360db23fdb1243b2b145efa414
06_corruption_benchmark/raw_results/metrics_json/N04_S2/recsra.log,4138,fd27179912045ee704ebf402acac5d8365feea51de7eb2543f6e89de7d00d342
06_corruption_benchmark/raw_results/metrics_json/N04_S3/baseline.json,699,9c76750fd338b845c3bfb9d7dd2dafc2f5724b036a89e40cd7517e4abb6798e0
06_corruption_benchmark/raw_results/metrics_json/N04_S3/baseline.log,4227,5bd0b37417a2e5d9c7a625cf25ab65dfb860eaf98adbccec77cbd5853d0135d1
06_corruption_benchmark/raw_results/metrics_json/N04_S3/recsra.json,745,4a6c8ed240fa5c8d0c9a911b564da37afdb64328d6f2b6ca512ba87b99645b68
06_corruption_benchmark/raw_results/metrics_json/N04_S3/recsra.log,3981,7b2e398017394cd493f2638f4d546a04a5c135d4b51efdabbf4b87a0a9f3cfb4
06_corruption_benchmark/raw_results/metrics_json/N04_S4/baseline.json,700,225c61e6a4b25abd568d6096e691e113bac3ff6b6d5d5fb91338473f66bcbc0a
06_corruption_benchmark/raw_results/metrics_json/N04_S4/baseline.log,4067,4402011bf391cbccb1fbd5f63eb2cca54cf7856a840678573f0a420393b60beb
06_corruption_benchmark/raw_results/metrics_json/N04_S4/recsra.json,748,8db0b46be07c6d00438628b7c3efce27f9569f418400319b9ced59e910159dfa
06_corruption_benchmark/raw_results/metrics_json/N04_S4/recsra.log,3984,bbc61afd43769e363ea5846127989b1bcca6afb74f36b11aef13058039ba7ece
06_corruption_benchmark/raw_results/metrics_json/N04_S5/baseline.json,702,4b1044674a54fe305b249b8da9309157b560c091d42943528a082211d6cf5f9e
06_corruption_benchmark/raw_results/metrics_json/N04_S5/baseline.log,4069,e7e2aa46a8c924658c5197127a1d74c095b3f3b9233200f5af16e96697bd142e
06_corruption_benchmark/raw_results/metrics_json/N04_S5/recsra.json,748,5d72f8102965d2279a22e095a41b0872ebe7d1cc1affe1b6eec0c6dcfcaa830c
06_corruption_benchmark/raw_results/metrics_json/N04_S5/recsra.log,3984,04c258113bf1def54bfced851dc113f2342637d10e9b701791a3e2767f8709ab
06_corruption_benchmark/raw_results/metrics_json/N05_S1/baseline.json,699,9bea596b0475ecd0e3469684d1bc5d2cb8730aed31c39fc943a038fde4bf8919
06_corruption_benchmark/raw_results/metrics_json/N05_S1/baseline.log,4227,22284a8f42719eabb18a905d3bff54eb008c0077755f5f16df8ac5f2f2835115
06_corruption_benchmark/raw_results/metrics_json/N05_S1/recsra.json,746,e8d7e0fc4c6c3d77f1226beaa5ae7e07ea3460e033db8b6ecab7b4e5486d5b80
06_corruption_benchmark/raw_results/metrics_json/N05_S1/recsra.log,3982,45b23fab470c05f7c3a6808bafcfd7e66ca793df0bbf82074f4a372491ae7570
06_corruption_benchmark/raw_results/metrics_json/N05_S2/baseline.json,696,c2737f9c23ecf07d9b6fcbcbfc8fe0549b0c984dfda0475e2dba3d096dfcc126
06_corruption_benchmark/raw_results/metrics_json/N05_S2/baseline.log,4064,26b6fd2db5930e37055f383afc2d11adec4be7bc36ffd1e931ccc763d274b139
06_corruption_benchmark/raw_results/metrics_json/N05_S2/recsra.json,744,d0055c807bee995a8a6e7d5c61b6e01ea73954a61140b97b5c3d339a938e4911
06_corruption_benchmark/raw_results/metrics_json/N05_S2/recsra.log,3980,7e26e10be562c5056ab60d3d3803c628ea257659bceab114ebd0b3d094ab7ffd
06_corruption_benchmark/raw_results/metrics_json/N05_S3/baseline.json,695,03f5bcdba967c2a8cdafc5f31203b433919de10834a3f746cf741232d783dfbd
06_corruption_benchmark/raw_results/metrics_json/N05_S3/baseline.log,4062,749c107719955858279d747988315add92a634ee0fe6aca3dc6efeb0d555e004
06_corruption_benchmark/raw_results/metrics_json/N05_S3/recsra.json,746,18ad980e9f79dca51ddc6ab9124b5e953848794c92802509796ed383ead1f76a
06_corruption_benchmark/raw_results/metrics_json/N05_S3/recsra.log,3982,95ed89e130cfc93c50595a82d25b9a518e9421b1efa63cbf6ff7b0e1a6cc7b08
06_corruption_benchmark/raw_results/metrics_json/N05_S4/baseline.json,696,9205c8899dcbb65b8e141c5025d4b25d6fc35c8cf30bcbf2c162f45d1302c526
06_corruption_benchmark/raw_results/metrics_json/N05_S4/baseline.log,4063,eb1ca69b8b56c944e90a62f2ba38e8e09dadb5873ff62c9cf353c3c3d408b165
06_corruption_benchmark/raw_results/metrics_json/N05_S4/recsra.json,745,3f471700a0def662ba1a358a28a4f917aabfe8690dab4eede906f2809e4a7c16
06_corruption_benchmark/raw_results/metrics_json/N05_S4/recsra.log,3981,b4dd955f1e13a07e848d62cb306c5c811fbfb65d53dbf5bbe4731049d0807ecb
06_corruption_benchmark/raw_results/metrics_json/N05_S5/baseline.json,699,1d8d75e594455a23695acb368d65ded819ce363ecedbb8fe4a53bd5d9a507b49
06_corruption_benchmark/raw_results/metrics_json/N05_S5/baseline.log,4066,a822d1e7b06fc822999899e661f1e9d38aa40411bed38149f96563e8b8a29c63
06_corruption_benchmark/raw_results/metrics_json/N05_S5/recsra.json,748,28c3d271953acd2391a6b3a53b2cea12dc1fcedf596cf7024c8fce39ea71192b
06_corruption_benchmark/raw_results/metrics_json/N05_S5/recsra.log,3985,0b7d8b9179bd5125d31c225d2e78466bced9e1748c77da50a7c36d5a14f30f3a
06_corruption_benchmark/raw_results/metrics_json/N06_S1/baseline.json,697,668d7a10ed4c1da190c6d01e89d3fc710f5fe250d68678da43fce1ea8eaa27b4
06_corruption_benchmark/raw_results/metrics_json/N06_S1/baseline.log,4064,ef113495ae76b79586f3009b2ab06affb9610fb08febd97fd5fd84c1354d7ce0
06_corruption_benchmark/raw_results/metrics_json/N06_S1/recsra.json,744,c17c2aee392076067f97d98af346acf0d1ebeedc122043065fe3cab33d8e6723
06_corruption_benchmark/raw_results/metrics_json/N06_S1/recsra.log,3980,d67d0e796db3da36d1cf239ff1f84c0da25b58245f26565cd9c9c935c4bbafc6
06_corruption_benchmark/raw_results/metrics_json/N06_S2/baseline.json,698,cd21d338986c7b618961100b1742dc61f8d13a5aaf1dfe1371efcf44da7fc652
06_corruption_benchmark/raw_results/metrics_json/N06_S2/baseline.log,4226,c89fc50cba26b85f771dc78252a9cae91c7cac6b5a6643e50b0b2010ea98d30d
06_corruption_benchmark/raw_results/metrics_json/N06_S2/recsra.json,740,e9b4205493cdb5bbee99a307ad2ff68d4f8220f9f46084d5e196a28c594f6abd
06_corruption_benchmark/raw_results/metrics_json/N06_S2/recsra.log,3977,3ba60659b0d9da4207ec7909cbdaa5879ddb0a269930cb74a07e013dda5381bc
06_corruption_benchmark/raw_results/metrics_json/N06_S3/baseline.json,698,858b94f2801592d29663b2400932b9dd14026b431b0ef8f0805265af8fd9ce01
06_corruption_benchmark/raw_results/metrics_json/N06_S3/baseline.log,4226,9afe508ebaaa49f31aef02abf6afc87efda9d786ab96cd0a7734c2f1551733c9
06_corruption_benchmark/raw_results/metrics_json/N06_S3/recsra.json,741,bd269bc78ec6dc9d425ee482492cb01d6240ef588ace1032d6c9e512022753cb
06_corruption_benchmark/raw_results/metrics_json/N06_S3/recsra.log,3978,ee4eb12393d904251f8b49b3ebe4a524061a156f81b7acfc98a02b8be8b5ae65
06_corruption_benchmark/raw_results/metrics_json/N06_S4/baseline.json,697,5f0beff79e802671cc0b2d27e8189b0da964ea5e5106e32723b644893edc388e
06_corruption_benchmark/raw_results/metrics_json/N06_S4/baseline.log,4225,36d452b5c6b444dbf7fcb9201bc8bb1ccf3a9429002040a1913fb4559683de9c
06_corruption_benchmark/raw_results/metrics_json/N06_S4/recsra.json,745,e6edf0fd192e52a3473c0d493404fb176c57b8ec9aad9345bfb32bc69de3f2e1
06_corruption_benchmark/raw_results/metrics_json/N06_S4/recsra.log,4142,865203ea96a24ff5b2b3ea8ab6235e1058e992def22d6d1f3fa321648606f589
06_corruption_benchmark/raw_results/metrics_json/N06_S5/baseline.json,697,2c8cd2136d3747123a93132616add54a46983b037ce8a137517a138da2349c16
06_corruption_benchmark/raw_results/metrics_json/N06_S5/baseline.log,4225,fec18925e393a8462a0f3ba4ca04d4495517af42ef47451198d1769107764ffb
06_corruption_benchmark/raw_results/metrics_json/N06_S5/recsra.json,744,477c02325a9b68373355c18717c44334ea5a00dadb8095c99fe0dcc8ca4dfed1
06_corruption_benchmark/raw_results/metrics_json/N06_S5/recsra.log,4142,736620f705861e381fa81667c426527942a51942c4c4fea74a90fb1b568a68f2
06_corruption_benchmark/raw_results/metrics_json/N07_S1/baseline.json,697,1ff159ada99c8314a0856d4995d2681a07e133799d59793d5d259028f6509a7c
06_corruption_benchmark/raw_results/metrics_json/N07_S1/baseline.log,4065,1ce57b5226669be7220352791afbc08a6b12f2ff3328f9d6d3945f077668b74a
06_corruption_benchmark/raw_results/metrics_json/N07_S1/recsra.json,743,1506c591cda7b7670277661a19cc7e0a729619594235e8846f5d520957b3231d
06_corruption_benchmark/raw_results/metrics_json/N07_S1/recsra.log,3979,e6dd0b05c449cc9539b1489c3dbe375a68db54c232e2569d0fadd7bf69257c14
06_corruption_benchmark/raw_results/metrics_json/N07_S2/baseline.json,696,fd9dcf709e3c087d4f6329ff9c0e28b62e5ca4eb236dff4298fc5c068ce2b5c3
06_corruption_benchmark/raw_results/metrics_json/N07_S2/baseline.log,4065,9c0c92e4b30384a4e5512f5367d2a608940bfd60236cfb1a1d327bfdbfb800df
06_corruption_benchmark/raw_results/metrics_json/N07_S2/recsra.json,744,2ef40a13b0fcb2961ab5a94c3553ebb93c7153c68ae8dbb9a17b24842fbf1a5c
06_corruption_benchmark/raw_results/metrics_json/N07_S2/recsra.log,3980,e1c3d8ffd2d21f4bc192cb1cb8a870721ee44a7a8a24ae2bcefa72ff87745aa3
06_corruption_benchmark/raw_results/metrics_json/N07_S3/baseline.json,700,b16b2058f9b928e67a8fd9a1a04c8afdf30e81eb59bf7a5241904b82be47e9a1
06_corruption_benchmark/raw_results/metrics_json/N07_S3/baseline.log,4067,3594e6cb8ec05c054bd8c0846ce133e5a3701e806d4841b42a16e789183e2dbb
06_corruption_benchmark/raw_results/metrics_json/N07_S3/recsra.json,738,0b1297a70778e637bf26aee81baa35ec67aa800721df66d8c4f58a56db25445d
06_corruption_benchmark/raw_results/metrics_json/N07_S3/recsra.log,3974,79f468b857f4927df7d1504aefd63f78ef270d7d196a33dd1fdc24f9b8b4b031
06_corruption_benchmark/raw_results/metrics_json/N07_S4/baseline.json,700,7a20cc913ec2ee4125515e73ddd505c39275a893f012a1d6fc5864acacbca262
06_corruption_benchmark/raw_results/metrics_json/N07_S4/baseline.log,3908,37af6ed674d8df98d21bd14c1e035e13c6b0a42e9d1c5168cb08d4826ae4f5bf
06_corruption_benchmark/raw_results/metrics_json/N07_S4/recsra.json,748,b39fcfa73c180ab4c10eed91a1ec8ed4456047adc58528c1cfd1d72b86542936
06_corruption_benchmark/raw_results/metrics_json/N07_S4/recsra.log,3825,2fcc5741e7f94cb225f39a78d02dc77c7d1e1bb088ed7496e7a5761a6c316183
06_corruption_benchmark/raw_results/metrics_json/N07_S5/baseline.json,700,30519b9c7c91f01585b96ace8bcf3189a41d3d980e35f9463f65eb57b8288098
06_corruption_benchmark/raw_results/metrics_json/N07_S5/baseline.log,3747,252f91a857bab0d5dedd804a41abd123cf81498a4c827e83fbfe99c2fb2d94b6
06_corruption_benchmark/raw_results/metrics_json/N07_S5/recsra.json,745,266a0ecf986c740f886b84911449a0e1955761da7901ab375e42e2bc8ba527cd
06_corruption_benchmark/raw_results/metrics_json/N07_S5/recsra.log,3662,f01c521ff62b042aa8a0094f302f64f0fca46ab9508efb0df5bfed816e47a701
06_corruption_benchmark/raw_results/metrics_json/N08_S1/baseline.json,698,b8b550c9b65341695510adf65e870948a457904dbbd7336ab3a75455473a81ce
06_corruption_benchmark/raw_results/metrics_json/N08_S1/baseline.log,4226,a4e671e8e0890ccefe1a9bf089565a40f6bfbb62c8bb3c3418cb74d73aa89576
06_corruption_benchmark/raw_results/metrics_json/N08_S1/recsra.json,744,289a24d782cbdc00684690d28091b7b64a2ae69ce9f8e681a7ae76d08eced312
06_corruption_benchmark/raw_results/metrics_json/N08_S1/recsra.log,4141,a37c95308ecaaffda6a442658c2aac8ae54f65b384f27ea9ad1d1a50e0522a02
06_corruption_benchmark/raw_results/metrics_json/N08_S2/baseline.json,699,23bea2736942c883052e5a7a8dd2ecf2b2cd45b3a57ed8fb8d0222ea63d9d0fa
06_corruption_benchmark/raw_results/metrics_json/N08_S2/baseline.log,4066,29dec0297d7b7d5a81bdaf344dd0f7ce1f48fc0f5ba24cbb56d61c94105b2c09
06_corruption_benchmark/raw_results/metrics_json/N08_S2/recsra.json,744,ace9731f3f095f47a3774447bf56f0a703cd5822112a43222cbab5ab8010160e
06_corruption_benchmark/raw_results/metrics_json/N08_S2/recsra.log,3980,00c311e6b3ff334440fcd6770e6bd3354532331af595cfc8ce9f318e9dca67ec
06_corruption_benchmark/raw_results/metrics_json/N08_S3/baseline.json,696,8c2c06f2ba4ba6863d46d40ecfdffc8af9206f7e2e3df8b4519652288b9e58a8
06_corruption_benchmark/raw_results/metrics_json/N08_S3/baseline.log,4224,bc3d4982b4a0210613407ee344a83dab0ab48465fb690493eca510bd8d213cf4
06_corruption_benchmark/raw_results/metrics_json/N08_S3/recsra.json,745,498a33340a7c5cc834ffd91a5f47c5ec79166d7ceb39e20104f51d9d593daec2
06_corruption_benchmark/raw_results/metrics_json/N08_S3/recsra.log,4143,dbafc780eeda521f7d71392855ad97c8497654371623fdc1846bba0df59057b2
06_corruption_benchmark/raw_results/metrics_json/N08_S4/baseline.json,698,4b7ac4923b8f83d3cfd7566e55b9f8c5545a65f46b239ae8dcaa68ed531458bb
06_corruption_benchmark/raw_results/metrics_json/N08_S4/baseline.log,4065,d2ea3dceb5f25ca3a30778674b5694e3c24db0f2f4803be00fe169b7f29c3ba1
06_corruption_benchmark/raw_results/metrics_json/N08_S4/recsra.json,742,976831adc9d16ad910d543ec7f82dfae5cbc983eefd335312d20ba60c667ae3b
06_corruption_benchmark/raw_results/metrics_json/N08_S4/recsra.log,3978,4827c0e5b5ba0171f310f848e30b6d71c3296f91a0f6eb28a31c8fd46e7fd257
06_corruption_benchmark/raw_results/metrics_json/N08_S5/baseline.json,699,f6956e58c253d3b8105b6f532d6551af057df3e5761bc4cb81f6ba71f3c576cd
06_corruption_benchmark/raw_results/metrics_json/N08_S5/baseline.log,4066,254a261034f9c8cccbb299d97643c1deaad45ed8cfe01ccbdb084448af681155
06_corruption_benchmark/raw_results/metrics_json/N08_S5/recsra.json,743,17fd200894ce5b2e52d15c8849f1318abc7c9f95c4bb5a1412daa3998d4d74b2
06_corruption_benchmark/raw_results/metrics_json/N08_S5/recsra.log,3979,0a518347cc18193d19cc8a1bf2fbb0612286f77ca42fa9789b9f67818f263704
06_corruption_benchmark/raw_results/metrics_json/N09_S1/baseline.json,697,4fbe2d1c21d051968ef658d5032443ef18df8439309c83461c1030b3434d410a
06_corruption_benchmark/raw_results/metrics_json/N09_S1/baseline.log,4065,25197213c96dd0950310951874dcc7b9d078727224454775fef255de274c80bc
06_corruption_benchmark/raw_results/metrics_json/N09_S1/recsra.json,741,30934c2837eb411f19a98d80ee3e05062a05a00b65a0930ed0e635c039cee654
06_corruption_benchmark/raw_results/metrics_json/N09_S1/recsra.log,3977,bbe6b6d4b69c72da526a9224b59509dca76a1df4f228da909caac0a9f320a8c5
06_corruption_benchmark/raw_results/metrics_json/N09_S2/baseline.json,701,359ee2e44a79c36aa104fb1dee4a0ef2256f49fe29883b45c1c4b109b33cad23
06_corruption_benchmark/raw_results/metrics_json/N09_S2/baseline.log,4068,4b58c2dd64ab73ee7308043ef33b06a0aa1f42d302bbfd08c8219d3bcdd120f3
06_corruption_benchmark/raw_results/metrics_json/N09_S2/recsra.json,742,ccff4d17980fe06fe8f2356dc8387fd07ed46c29eecc44edcfe27f166a081373
06_corruption_benchmark/raw_results/metrics_json/N09_S2/recsra.log,3978,848d2028baac515bb0a606cc750cc43e04a1d47810ddb419db98a4e9daa553fb
06_corruption_benchmark/raw_results/metrics_json/N09_S3/baseline.json,699,c8f8d1ca90417a4df510180d23a4abbda636ced353e3d93c61e3f026cd302850
06_corruption_benchmark/raw_results/metrics_json/N09_S3/baseline.log,4066,81848a72347de5621c58d1a433156bbc8b1086063cd72110658f5b0d341c8b15
06_corruption_benchmark/raw_results/metrics_json/N09_S3/recsra.json,743,6a87f6aa25689b3e13781935d0df54df5abae1d3aa95a2b145a7d96f5c4e59cc
06_corruption_benchmark/raw_results/metrics_json/N09_S3/recsra.log,3980,ab2e2282e3f22814ce7acab3568bcbecaf9083e67f8e5ef8580583fe9aaf22c5
06_corruption_benchmark/raw_results/metrics_json/N09_S4/baseline.json,701,5513aa0bd994b4ef86c18e396b8761dd4334eaa8b731ecdc18bd997216abe764
06_corruption_benchmark/raw_results/metrics_json/N09_S4/baseline.log,4230,b00a4735b80ef84d3523d3678ebb0c46e189246e28d56488fa97262e781f6f55
06_corruption_benchmark/raw_results/metrics_json/N09_S4/recsra.json,744,fdd7339eafe6b5e43fedb84dbd3854331e13321276f830972eb46c9b1b455fc9
06_corruption_benchmark/raw_results/metrics_json/N09_S4/recsra.log,3981,7e91924327f120845437f2dce2caa90632411bf9e6c63dffdfb72cfc7013ae7f
06_corruption_benchmark/raw_results/metrics_json/N09_S5/baseline.json,699,7fbb4e33cc87336d916d735537f98f82b3017e50c0f6cb8559cb919feb7a9783
06_corruption_benchmark/raw_results/metrics_json/N09_S5/baseline.log,4066,7771a6f9348ebaf12c1e46665430715fe687c81d1ab8e34842fc41f792cd958b
06_corruption_benchmark/raw_results/metrics_json/N09_S5/recsra.json,748,c342861f9107532c820d578f3f3f0ca3e3ef4f425d40a9cf2b2f44f43a2b547a
06_corruption_benchmark/raw_results/metrics_json/N09_S5/recsra.log,3984,7e2b79c9e760d3e7091698c4f310986d07a845b40a3fba9729f09d18925e5cde
06_corruption_benchmark/raw_results/metrics_json/N10_S1/baseline.json,695,498e9e8e751517a2650edf1a048a14a2fcc3cc25eb1fbf9e60916a39949e80d3
06_corruption_benchmark/raw_results/metrics_json/N10_S1/baseline.log,4062,4d62e471038c5c543844ee5a6f60020bd7e98835c45f72e790853c777c290087
06_corruption_benchmark/raw_results/metrics_json/N10_S1/recsra.json,746,214a8cf7c4ce7b2c95c2226a5df8f3e2481b9456034f42ac1c3de57f7723cd97
06_corruption_benchmark/raw_results/metrics_json/N10_S1/recsra.log,3984,443a51c6585c9d242fb8b27b607462ff396877c130ad67f1e01cc05a80561269
06_corruption_benchmark/raw_results/metrics_json/N10_S2/baseline.json,698,b5711d025bae588924ad335e7429f274adb09cdf142bb7fe93536f1e66db3a28
06_corruption_benchmark/raw_results/metrics_json/N10_S2/baseline.log,4065,73bb4a35ab40a7eaf660adcbf34f8bb62f154d4240c0f40b3e68952bd01d6495
06_corruption_benchmark/raw_results/metrics_json/N10_S2/recsra.json,738,225aeff4e7e4befbce4fa791e6cc2b0ee8dc68d34a0a19c48727c4ddb072f730
06_corruption_benchmark/raw_results/metrics_json/N10_S2/recsra.log,3974,b65d9ec4bbc1a4d30de9c4306e81b3f8f44f2ad7f79f4cf5f35c139f336912cf
06_corruption_benchmark/raw_results/metrics_json/N10_S3/baseline.json,700,cb5c27488608b4100b890966a12332f03aa3b3f89ccb9675de9d2ba258df3e7d
06_corruption_benchmark/raw_results/metrics_json/N10_S3/baseline.log,4068,c985cc4458caffe65919b6e2cd72537f57163d336afd2dc72989bd02f330232b
06_corruption_benchmark/raw_results/metrics_json/N10_S3/recsra.json,744,f811da88ff6ac19b6adfbd1a51649145e444d279feafd05da88ace7eb6522411
06_corruption_benchmark/raw_results/metrics_json/N10_S3/recsra.log,3981,d8b937307bd5d6bfb125c68ccbe8b4dd1f8fa4c597c16a49c4437aa5fcb214b8
06_corruption_benchmark/raw_results/metrics_json/N10_S4/baseline.json,702,89ac3aadc1e127c4712d49ba6ac4987948495edac3793baec9aa0b3f01da5f7f
06_corruption_benchmark/raw_results/metrics_json/N10_S4/baseline.log,4070,98f0861022a4d2707b51fb247137ca06963e03125bfe844c3fd09b7ad5fb51b9
06_corruption_benchmark/raw_results/metrics_json/N10_S4/recsra.json,746,3abb543eb853552ff2d21a9f8317b2ae98c89f96c4bd720730e83af3338a3887
06_corruption_benchmark/raw_results/metrics_json/N10_S4/recsra.log,3982,2706bedb75c52da84d9614d6bd9b0fb39cde859e89f961f11456c54aa731da74
06_corruption_benchmark/raw_results/metrics_json/N10_S5/baseline.json,701,d67ac46e8ffef9977ff6d9d21c3f0ea5887b432d6bb1bb9e89b5a657a9c27ac8
06_corruption_benchmark/raw_results/metrics_json/N10_S5/baseline.log,4069,b7942d58c40031a0a89ed19ab98163964cdb402fcf51b58b87ad45b277c61bac
06_corruption_benchmark/raw_results/metrics_json/N10_S5/recsra.json,746,7205dd1636f6ea3532b756656cbd00e13f5b56d3f2e4f873a174846f6c4e4ffd
06_corruption_benchmark/raw_results/metrics_json/N10_S5/recsra.log,3983,fb1766de327c5dbf453193f7d54b8b392ab78452010ff9ac8fc5d17f57cd0219
06_corruption_benchmark/raw_results/noise_family_mAP50_95_comparison.png,61856,9376eef799d9737f6892dc22bf952792d319394f16aacdcb43d38a20375fba9f
06_corruption_benchmark/raw_results/noise_family_summary.csv,4427,6662438d4977713b227a023cbb335509b398d086023e2c0fcedede8bb06d17cf
06_corruption_benchmark/raw_results/noise_protocol.json,4712,e12d2fc97b207ce91f255cd0dcbc98b1848549ddadcdf709292504be08f881cf
06_corruption_benchmark/raw_results/resolved_clean_data.yaml,403,295e3c6b640a32edd99d23567599b4a5f9a8ff486d704834ebf1006fd54881ab
06_corruption_benchmark/raw_results/runtime_and_inputs.json,964,e090b502afc1c1f366b913e9bb3a5baca10e699f69fa5c3fecf20fc5c8401bfa
06_corruption_benchmark/raw_results/top5_sample_metadata.json,1401,48f1258bd3e79055f41f23cb6401c68b7e415c4fcfc655173a5022c0b9f8de97
06_corruption_benchmark/raw_results/top5_samples/N01_baseline_pred.json,145,5cbe12fb39fa26eb39be604976a86f576e8f94277ba445df59644d2a20ba243c
06_corruption_benchmark/raw_results/top5_samples/N01_low_light_sensor_noise_thesis_sample.jpg,1400469,85c1a5b620b1d82162817cf7c9a98748c67c4351c7b3fb928d33971ceb45b225
06_corruption_benchmark/raw_results/top5_samples/N01_recsra_pred.json,145,2b6dc110960a2fea5d5eb89fa5835c3f813c27d20760b5b2747b2bbebe5a463e
06_corruption_benchmark/raw_results/top5_samples/N01_severity3_input.jpg,2557496,9b9a1debfed78b3722fe1e3b8112fcd311f21b728d5589c8d616b825d02b4bf0
06_corruption_benchmark/raw_results/top5_samples/N03_baseline_pred.json,7996,dbc7870f9bdd092c5f647a806c98defceae1785203a732b40960618dbf8ce66d
06_corruption_benchmark/raw_results/top5_samples/N03_localized_specular_flash_glare_thesis_sample.jpg,599394,6980bb2ff47b6af68035dc9c1f5bc1bb839f2beddcd30858f6cd5a591750dc9d
06_corruption_benchmark/raw_results/top5_samples/N03_recsra_pred.json,7213,fff4143854403c3e144b806a7df687c2dfd9f0d2b1eb073d7575371889fe7752
06_corruption_benchmark/raw_results/top5_samples/N03_severity3_input.jpg,284529,6099929bbdc13d73a1208159c1218bbc2df9ff6c7a446fee3fcba4accf40e74c
06_corruption_benchmark/raw_results/top5_samples/N06_auto_white_balance_color_cast_thesis_sample.jpg,610116,af5b08ad1ed457e60c41e761811d278ec812b29f413e92c78731d2d0b94c477b
06_corruption_benchmark/raw_results/top5_samples/N06_baseline_pred.json,8136,305074048546cde711950d8353771eeb12735bdf951052545da550d50869f9e4
06_corruption_benchmark/raw_results/top5_samples/N06_recsra_pred.json,6870,0285844ca77614d2621bcf6ff911ae9462f311319b517d1946991470512e78e5
06_corruption_benchmark/raw_results/top5_samples/N06_severity3_input.jpg,304326,5222a44862f84781559674cdf7402d228e17a42b4a69b3f2cb019c95e7edbdde
06_corruption_benchmark/raw_results/top5_samples/N07_baseline_pred.json,4491,251dc41c2ac2120ceea338a7c08b423655920d1b6fd65f00725b4340b36e990c
06_corruption_benchmark/raw_results/top5_samples/N07_jpeg_recompression_thesis_sample.jpg,647786,422743b920fc806aefe944c446fbaed5bc32e6fd8cb6f2e3784de86295b6680d
06_corruption_benchmark/raw_results/top5_samples/N07_recsra_pred.json,5024,00ff13d3e09b1d8600d3c5b66f5580377a4a50948b539fd88e01cbab61f4017c
06_corruption_benchmark/raw_results/top5_samples/N07_severity3_input.jpg,275252,4d2b30975b9398126190e0c64aba59ade1514b78e5f953b469673c677b07c710
06_corruption_benchmark/raw_results/top5_samples/N10_baseline_pred.json,7184,947d5cac120167a04914fe132ffc045f2ae85a1529a090bebe4bf570fb994a63
06_corruption_benchmark/raw_results/top5_samples/N10_lens_smudge_fingerprint_thesis_sample.jpg,576516,d2435e193d2c66ff8dd7defe212f433866b2f9b685cd60b85e2a447b19842299
06_corruption_benchmark/raw_results/top5_samples/N10_recsra_pred.json,6498,d1c637b7efe816a0454ffdd3e12d556a29d0fba8869ff707535684cd03523dc9
06_corruption_benchmark/raw_results/top5_samples/N10_severity3_input.jpg,276606,bdea9667c0e2232a6163fabb397128737c47e8079a199d20a3b93e7a06bdda20
06_corruption_benchmark/raw_results/top5_selected_noise_families.csv,2425,363ceb859d72350c7055a5aba95b183e540eabfeedc14d8a17ebf054cb52ceda
07_dataset_protocol/data.yaml,170,2e0e442721d4d4c30beadae7ef9c4012d7c0cf80be43c414792b7257bb9643f2
07_dataset_protocol/dataset_file_sha256_manifest.csv,286239,19ec82d03230116184d86f775a7f397fc1be28f933336a71dd2aeeb1ec745afc
07_dataset_protocol/dataset_summary.json,676,a64ee33fc07350decafbf404e1907f268f227f6ac1f8501380be128181ad76d7
08_environment/HARDWARE_PROVENANCE_POLICY.md,474,c5c95a4aceb8330176d789843eef7d5bf46b6ca336bcf86bf7d30f7730752707
08_environment/nvidia_smi_full.txt,12387,e23979100ad94bd32a85f25b4e4a05e27cd27a1def9ed9f422be5e28bc150af6
08_environment/nvidia_summary.csv,117,fd682b54523e89ddd3bbcf7523b3d6304b1ec00cd0f82d0422b6c6af8e646358
08_environment/pip_freeze.txt,3613,4a5e27b4845b43b8527ee045b413779abf7b4973d2001e5c695de0beeec889bb
08_environment/python_runtime.json,582,36ee27cec343f802cf8522560e4811e9fe72d215dad14a45eb050f697df8d312
08_environment/system_runtime.txt,316,1cccbee3053e410a9448bc4dcfc8c5e3641b6caf0b5d30a3fb2c5a05554cdf2d
09_percent_summaries/KEY_RESULTS_PERCENT.md,973,3f14688df8df5ccecd4f355d27d62aa87aad47e57b2260628f3410a3caa81145
09_percent_summaries/clean_winner_metrics_percent.csv,283,96f3612d7de22b0c3804e9f4433ed1d4aaf5017025460fbabb8c26b6e145bf84
09_percent_summaries/top_corruption_gains_percent.csv,420,6befc8fc98f4043b24a8c3f1a5874baf3f59ae31ff8e5298ee9d08f7829558eb
09_percent_summaries/winner_per_run_pretty.json,791,69850f6d25bc51393f19b03ba172bba1624f7db7825d4c8c85b9618cab9ecdde
