split,image_path,classes_present,num_classes_present,box_count
test,/home/drnguyenvinh/notebooks/shrimp_yolo_canonical_bg_wssv_2cls_split70_15_15/images/test/BG-11-img-1.jpg,BG,1,5
test,/home/drnguyenvinh/notebooks/shrimp_yolo_canonical_bg_wssv_2cls_split70_15_15/images/test/BG-11-img-2.jpg,BG,1,5
test,/home/drnguyenvinh/notebooks/shrimp_yolo_canonical_bg_wssv_2cls_split70_15_15/images/test/BG-11-img-3.jpg,BG,1,5
test,/home/drnguyenvinh/notebooks/shrimp_yolo_canonical_bg_wssv_2cls_split70_15_15/images/test/BG-19-img-2.jpg,BG,1,1
test,/home/drnguyenvinh/notebooks/shrimp_yolo_canonical_bg_wssv_2cls_split70_15_15/images/test/BG-2-img-1.jpg,BG,1,1
test,/home/drnguyenvinh/notebooks/shrimp_yolo_canonical_bg_wssv_2cls_split70_15_15/images/test/BG-20-img-1.jpg,BG,1,1
test,/home/drnguyenvinh/notebooks/shrimp_yolo_canonical_bg_wssv_2cls_split70_15_15/images/test/BG-21-img-1.jpg,BG,1,1
test,/home/drnguyenvinh/notebooks/shrimp_yolo_canonical_bg_wssv_2cls_split70_15_15/images/test/BG-23-img-2.jpg,BG,1,4
test,/home/drnguyenvinh/notebooks/shrimp_yolo_canonical_bg_wssv_2cls_split70_15_15/images/test/BG-29-img-2.jpg,BG,1,2
test,/home/drnguyenvinh/notebooks/shrimp_yolo_canonical_bg_wssv_2cls_split70_15_15/images/test/BG-30-img-1.jpg,BG,1,3
test,/home/drnguyenvinh/notebooks/shrimp_yolo_canonical_bg_wssv_2cls_split70_15_15/images/test/BG-30-img-2.jpg,BG,1,3
test,/home/drnguyenvinh/notebooks/shrimp_yolo_canonical_bg_wssv_2cls_split70_15_15/images/test/BG-30-img-3.jpg,BG,1,4
test,/home/drnguyenvinh/notebooks/shrimp_yolo_canonical_bg_wssv_2cls_split70_15_15/images/test/BG-31-img-2.jpg,BG,1,1
test,/home/drnguyenvinh/notebooks/shrimp_yolo_canonical_bg_wssv_2cls_split70_15_15/images/test/BG-32-img-2.jpg,BG,1,3
test,/home/drnguyenvinh/notebooks/shrimp_yolo_canonical_bg_wssv_2cls_split70_15_15/images/test/BG-36-img-1.jpg,BG,1,5
test,/home/drnguyenvinh/notebooks/shrimp_yolo_canonical_bg_wssv_2cls_split70_15_15/images/test/BG-47-img-3.jpg,BG,1,3
test,/home/drnguyenvinh/notebooks/shrimp_yolo_canonical_bg_wssv_2cls_split70_15_15/images/test/BG-48-img-1.jpg,BG,1,1
test,/home/drnguyenvinh/notebooks/shrimp_yolo_canonical_bg_wssv_2cls_split70_15_15/images/test/BG-55-img-1.jpg,BG,1,1
test,/home/drnguyenvinh/notebooks/shrimp_yolo_canonical_bg_wssv_2cls_split70_15_15/images/test/BG-59-img-1.jpg,BG,1,2
test,/home/drnguyenvinh/notebooks/shrimp_yolo_canonical_bg_wssv_2cls_split70_15_15/images/test/BG-6-img-2.jpg,BG,1,1
test,/home/drnguyenvinh/notebooks/shrimp_yolo_canonical_bg_wssv_2cls_split70_15_15/images/test/BG-62-img-2.jpg,BG,1,3
test,/home/drnguyenvinh/notebooks/shrimp_yolo_canonical_bg_wssv_2cls_split70_15_15/images/test/BG-63-img-2.jpg,BG,1,2
test,/home/drnguyenvinh/notebooks/shrimp_yolo_canonical_bg_wssv_2cls_split70_15_15/images/test/BG-67-img-2.jpg,BG,1,2
test,/home/drnguyenvinh/notebooks/shrimp_yolo_canonical_bg_wssv_2cls_split70_15_15/images/test/BG-68-img-2.jpg,BG,1,4
test,/home/drnguyenvinh/notebooks/shrimp_yolo_canonical_bg_wssv_2cls_split70_15_15/images/test/BG-7-img-3.jpg,BG,1,1
test,/home/drnguyenvinh/notebooks/shrimp_yolo_canonical_bg_wssv_2cls_split70_15_15/images/test/BG-74-img-1.jpg,BG,1,23
test,/home/drnguyenvinh/notebooks/shrimp_yolo_canonical_bg_wssv_2cls_split70_15_15/images/test/BG-74-img-3.jpg,BG,1,2
test,/home/drnguyenvinh/notebooks/shrimp_yolo_canonical_bg_wssv_2cls_split70_15_15/images/test/BG-75-img-1.jpg,BG,1,5
test,/home/drnguyenvinh/notebooks/shrimp_yolo_canonical_bg_wssv_2cls_split70_15_15/images/test/BG-9-img-1.jpg,BG,1,2
test,/home/drnguyenvinh/notebooks/shrimp_yolo_canonical_bg_wssv_2cls_split70_15_15/images/test/WSSV-10-img-1.jpg,WSSV,1,7
test,/home/drnguyenvinh/notebooks/shrimp_yolo_canonical_bg_wssv_2cls_split70_15_15/images/test/WSSV-101-img-2.jpg,WSSV,1,8
test,/home/drnguyenvinh/notebooks/shrimp_yolo_canonical_bg_wssv_2cls_split70_15_15/images/test/WSSV-104-img-1.jpg,WSSV,1,3
test,/home/drnguyenvinh/notebooks/shrimp_yolo_canonical_bg_wssv_2cls_split70_15_15/images/test/WSSV-108-img-3.jpg,WSSV,1,5
test,/home/drnguyenvinh/notebooks/shrimp_yolo_canonical_bg_wssv_2cls_split70_15_15/images/test/WSSV-109-img-2.jpg,WSSV,1,10
test,/home/drnguyenvinh/notebooks/shrimp_yolo_canonical_bg_wssv_2cls_split70_15_15/images/test/WSSV-11-img-1.jpg,WSSV,1,7
test,/home/drnguyenvinh/notebooks/shrimp_yolo_canonical_bg_wssv_2cls_split70_15_15/images/test/WSSV-11-img-3.jpg,WSSV,1,21
test,/home/drnguyenvinh/notebooks/shrimp_yolo_canonical_bg_wssv_2cls_split70_15_15/images/test/WSSV-114-img-1.jpg,WSSV,1,7
test,/home/drnguyenvinh/notebooks/shrimp_yolo_canonical_bg_wssv_2cls_split70_15_15/images/test/WSSV-12-img-1.jpg,WSSV,1,6
test,/home/drnguyenvinh/notebooks/shrimp_yolo_canonical_bg_wssv_2cls_split70_15_15/images/test/WSSV-13-img-3.jpg,WSSV,1,2
test,/home/drnguyenvinh/notebooks/shrimp_yolo_canonical_bg_wssv_2cls_split70_15_15/images/test/WSSV-14-img-2.jpg,WSSV,1,12
test,/home/drnguyenvinh/notebooks/shrimp_yolo_canonical_bg_wssv_2cls_split70_15_15/images/test/WSSV-2-img-1.jpg,WSSV,1,3
test,/home/drnguyenvinh/notebooks/shrimp_yolo_canonical_bg_wssv_2cls_split70_15_15/images/test/WSSV-23-img-3.jpg,WSSV,1,3
test,/home/drnguyenvinh/notebooks/shrimp_yolo_canonical_bg_wssv_2cls_split70_15_15/images/test/WSSV-25-img-2.jpg,WSSV,1,5
test,/home/drnguyenvinh/notebooks/shrimp_yolo_canonical_bg_wssv_2cls_split70_15_15/images/test/WSSV-27-img-2.jpg,WSSV,1,10
test,/home/drnguyenvinh/notebooks/shrimp_yolo_canonical_bg_wssv_2cls_split70_15_15/images/test/WSSV-27-img-3.jpg,WSSV,1,4
test,/home/drnguyenvinh/notebooks/shrimp_yolo_canonical_bg_wssv_2cls_split70_15_15/images/test/WSSV-28-img-3.jpg,WSSV,1,3
test,/home/drnguyenvinh/notebooks/shrimp_yolo_canonical_bg_wssv_2cls_split70_15_15/images/test/WSSV-3-img-1.jpg,WSSV,1,18
test,/home/drnguyenvinh/notebooks/shrimp_yolo_canonical_bg_wssv_2cls_split70_15_15/images/test/WSSV-30-img-2.jpg,WSSV,1,8
test,/home/drnguyenvinh/notebooks/shrimp_yolo_canonical_bg_wssv_2cls_split70_15_15/images/test/WSSV-31-img-3.jpg,WSSV,1,11
test,/home/drnguyenvinh/notebooks/shrimp_yolo_canonical_bg_wssv_2cls_split70_15_15/images/test/WSSV-32-img-3.jpg,WSSV,1,16
test,/home/drnguyenvinh/notebooks/shrimp_yolo_canonical_bg_wssv_2cls_split70_15_15/images/test/WSSV-33-img-2.jpg,WSSV,1,11
test,/home/drnguyenvinh/notebooks/shrimp_yolo_canonical_bg_wssv_2cls_split70_15_15/images/test/WSSV-36-img-3.jpg,WSSV,1,37
test,/home/drnguyenvinh/notebooks/shrimp_yolo_canonical_bg_wssv_2cls_split70_15_15/images/test/WSSV-39-img-2.jpg,WSSV,1,3
test,/home/drnguyenvinh/notebooks/shrimp_yolo_canonical_bg_wssv_2cls_split70_15_15/images/test/WSSV-44-img-1.jpg,WSSV,1,6
test,/home/drnguyenvinh/notebooks/shrimp_yolo_canonical_bg_wssv_2cls_split70_15_15/images/test/WSSV-47-img-2.jpg,WSSV,1,20
test,/home/drnguyenvinh/notebooks/shrimp_yolo_canonical_bg_wssv_2cls_split70_15_15/images/test/WSSV-48-img-3.jpg,WSSV,1,25
test,/home/drnguyenvinh/notebooks/shrimp_yolo_canonical_bg_wssv_2cls_split70_15_15/images/test/WSSV-53-img-3.jpg,WSSV,1,44
test,/home/drnguyenvinh/notebooks/shrimp_yolo_canonical_bg_wssv_2cls_split70_15_15/images/test/WSSV-58-img-2.jpg,WSSV,1,16
test,/home/drnguyenvinh/notebooks/shrimp_yolo_canonical_bg_wssv_2cls_split70_15_15/images/test/WSSV-6-img-1.jpg,WSSV,1,10
test,/home/drnguyenvinh/notebooks/shrimp_yolo_canonical_bg_wssv_2cls_split70_15_15/images/test/WSSV-61-img-3.jpg,WSSV,1,13
test,/home/drnguyenvinh/notebooks/shrimp_yolo_canonical_bg_wssv_2cls_split70_15_15/images/test/WSSV-64-img-3.jpg,WSSV,1,21
test,/home/drnguyenvinh/notebooks/shrimp_yolo_canonical_bg_wssv_2cls_split70_15_15/images/test/WSSV-67-img-1.jpg,WSSV,1,6
test,/home/drnguyenvinh/notebooks/shrimp_yolo_canonical_bg_wssv_2cls_split70_15_15/images/test/WSSV-7-img-3.jpg,WSSV,1,1
test,/home/drnguyenvinh/notebooks/shrimp_yolo_canonical_bg_wssv_2cls_split70_15_15/images/test/WSSV-70-img-1.jpg,WSSV,1,9
test,/home/drnguyenvinh/notebooks/shrimp_yolo_canonical_bg_wssv_2cls_split70_15_15/images/test/WSSV-71-img-3.jpg,WSSV,1,7
test,/home/drnguyenvinh/notebooks/shrimp_yolo_canonical_bg_wssv_2cls_split70_15_15/images/test/WSSV-77-img-1.jpg,WSSV,1,5
test,/home/drnguyenvinh/notebooks/shrimp_yolo_canonical_bg_wssv_2cls_split70_15_15/images/test/WSSV-77-img-2.jpg,WSSV,1,6
test,/home/drnguyenvinh/notebooks/shrimp_yolo_canonical_bg_wssv_2cls_split70_15_15/images/test/WSSV-79-img-3.jpg,WSSV,1,2
test,/home/drnguyenvinh/notebooks/shrimp_yolo_canonical_bg_wssv_2cls_split70_15_15/images/test/WSSV-80-img-3.jpg,WSSV,1,6
test,/home/drnguyenvinh/notebooks/shrimp_yolo_canonical_bg_wssv_2cls_split70_15_15/images/test/WSSV-83-img-1.jpg,WSSV,1,4
test,/home/drnguyenvinh/notebooks/shrimp_yolo_canonical_bg_wssv_2cls_split70_15_15/images/test/WSSV-84-img-2.jpg,WSSV,1,8
test,/home/drnguyenvinh/notebooks/shrimp_yolo_canonical_bg_wssv_2cls_split70_15_15/images/test/WSSV-84-img-3.jpg,WSSV,1,11
test,/home/drnguyenvinh/notebooks/shrimp_yolo_canonical_bg_wssv_2cls_split70_15_15/images/test/WSSV-9-img-3.jpg,WSSV,1,7
test,/home/drnguyenvinh/notebooks/shrimp_yolo_canonical_bg_wssv_2cls_split70_15_15/images/test/WSSV-91-img-1.jpg,WSSV,1,2
test,/home/drnguyenvinh/notebooks/shrimp_yolo_canonical_bg_wssv_2cls_split70_15_15/images/test/WSSV-91-img-2.jpg,WSSV,1,4
test,/home/drnguyenvinh/notebooks/shrimp_yolo_canonical_bg_wssv_2cls_split70_15_15/images/test/WSSV-92-img-1.jpg,WSSV,1,10
test,/home/drnguyenvinh/notebooks/shrimp_yolo_canonical_bg_wssv_2cls_split70_15_15/images/test/WSSV-94-img-1.jpg,WSSV,1,5
test,/home/drnguyenvinh/notebooks/shrimp_yolo_canonical_bg_wssv_2cls_split70_15_15/images/test/WSSV-96-img-3.jpg,WSSV,1,11
test,/home/drnguyenvinh/notebooks/shrimp_yolo_canonical_bg_wssv_2cls_split70_15_15/images/test/WSSV_BG-1-img-1.jpg,BG+WSSV,2,8
test,/home/drnguyenvinh/notebooks/shrimp_yolo_canonical_bg_wssv_2cls_split70_15_15/images/test/WSSV_BG-2-img-1.jpg,BG+WSSV,2,9
test,/home/drnguyenvinh/notebooks/shrimp_yolo_canonical_bg_wssv_2cls_split70_15_15/images/test/WSSV_BG-24-img-1.jpg,BG+WSSV,2,27
test,/home/drnguyenvinh/notebooks/shrimp_yolo_canonical_bg_wssv_2cls_split70_15_15/images/test/WSSV_BG-25-img-3.jpg,BG+WSSV,2,6
test,/home/drnguyenvinh/notebooks/shrimp_yolo_canonical_bg_wssv_2cls_split70_15_15/images/test/WSSV_BG-27-img-1.jpg,BG+WSSV,2,14
test,/home/drnguyenvinh/notebooks/shrimp_yolo_canonical_bg_wssv_2cls_split70_15_15/images/test/WSSV_BG-33-img-2.jpg,BG+WSSV,2,10
test,/home/drnguyenvinh/notebooks/shrimp_yolo_canonical_bg_wssv_2cls_split70_15_15/images/test/WSSV_BG-34-img-1.jpg,BG+WSSV,2,7
test,/home/drnguyenvinh/notebooks/shrimp_yolo_canonical_bg_wssv_2cls_split70_15_15/images/test/WSSV_BG-34-img-2.jpg,BG+WSSV,2,5
test,/home/drnguyenvinh/notebooks/shrimp_yolo_canonical_bg_wssv_2cls_split70_15_15/images/test/WSSV_BG-34-img-3.jpg,BG+WSSV,2,8
test,/home/drnguyenvinh/notebooks/shrimp_yolo_canonical_bg_wssv_2cls_split70_15_15/images/test/WSSV_BG-35-img-2.jpg,BG+WSSV,2,8
test,/home/drnguyenvinh/notebooks/shrimp_yolo_canonical_bg_wssv_2cls_split70_15_15/images/test/WSSV_BG-36-img-3.jpg,BG+WSSV,2,7
test,/home/drnguyenvinh/notebooks/shrimp_yolo_canonical_bg_wssv_2cls_split70_15_15/images/test/WSSV_BG-37-img-1.jpg,BG+WSSV,2,5
test,/home/drnguyenvinh/notebooks/shrimp_yolo_canonical_bg_wssv_2cls_split70_15_15/images/test/WSSV_BG-41-img-1.jpg,BG+WSSV,2,7
test,/home/drnguyenvinh/notebooks/shrimp_yolo_canonical_bg_wssv_2cls_split70_15_15/images/test/WSSV_BG-43-img-1.jpg,BG+WSSV,2,8
test,/home/drnguyenvinh/notebooks/shrimp_yolo_canonical_bg_wssv_2cls_split70_15_15/images/test/WSSV_BG-43-img-2.jpg,BG+WSSV,2,7
test,/home/drnguyenvinh/notebooks/shrimp_yolo_canonical_bg_wssv_2cls_split70_15_15/images/test/WSSV_BG-45-img-1.jpg,BG+WSSV,2,9
test,/home/drnguyenvinh/notebooks/shrimp_yolo_canonical_bg_wssv_2cls_split70_15_15/images/test/WSSV_BG-46-img-2.jpg,BG+WSSV,2,6
test,/home/drnguyenvinh/notebooks/shrimp_yolo_canonical_bg_wssv_2cls_split70_15_15/images/test/WSSV_BG-51-img-3.jpg,BG+WSSV,2,14
test,/home/drnguyenvinh/notebooks/shrimp_yolo_canonical_bg_wssv_2cls_split70_15_15/images/test/WSSV_BG-57-img-1.jpg,BG+WSSV,2,13
test,/home/drnguyenvinh/notebooks/shrimp_yolo_canonical_bg_wssv_2cls_split70_15_15/images/test/WSSV_BG-57-img-2.jpg,BG+WSSV,2,11
test,/home/drnguyenvinh/notebooks/shrimp_yolo_canonical_bg_wssv_2cls_split70_15_15/images/test/WSSV_BG-58-img-3.jpg,BG+WSSV,2,14
test,/home/drnguyenvinh/notebooks/shrimp_yolo_canonical_bg_wssv_2cls_split70_15_15/images/test/WSSV_BG-6-img-1.jpg,BG+WSSV,2,8
test,/home/drnguyenvinh/notebooks/shrimp_yolo_canonical_bg_wssv_2cls_split70_15_15/images/test/WSSV_BG-62-img-1.jpg,BG+WSSV,2,10
test,/home/drnguyenvinh/notebooks/shrimp_yolo_canonical_bg_wssv_2cls_split70_15_15/images/test/WSSV_BG-62-img-3.jpg,BG+WSSV,2,9
test,/home/drnguyenvinh/notebooks/shrimp_yolo_canonical_bg_wssv_2cls_split70_15_15/images/test/WSSV_BG-66-img-1.jpg,BG+WSSV,2,9
test,/home/drnguyenvinh/notebooks/shrimp_yolo_canonical_bg_wssv_2cls_split70_15_15/images/test/WSSV_BG-67-img-1.jpg,BG+WSSV,2,10
test,/home/drnguyenvinh/notebooks/shrimp_yolo_canonical_bg_wssv_2cls_split70_15_15/images/test/WSSV_BG-68-img-1.jpg,BG+WSSV,2,14
test,/home/drnguyenvinh/notebooks/shrimp_yolo_canonical_bg_wssv_2cls_split70_15_15/images/test/WSSV_BG-69-img-3.jpg,BG+WSSV,2,11
test,/home/drnguyenvinh/notebooks/shrimp_yolo_canonical_bg_wssv_2cls_split70_15_15/images/test/WSSV_BG-70-img-3.jpg,BG+WSSV,2,15
test,/home/drnguyenvinh/notebooks/shrimp_yolo_canonical_bg_wssv_2cls_split70_15_15/images/test/WSSV_BG-73-img-1.jpg,BG+WSSV,2,12
test,/home/drnguyenvinh/notebooks/shrimp_yolo_canonical_bg_wssv_2cls_split70_15_15/images/test/WSSV_BG-76-img-2.jpg,BG+WSSV,2,14
test,/home/drnguyenvinh/notebooks/shrimp_yolo_canonical_bg_wssv_2cls_split70_15_15/images/test/WSSV_BG-80-img-1.jpg,BG+WSSV,2,19
test,/home/drnguyenvinh/notebooks/shrimp_yolo_canonical_bg_wssv_2cls_split70_15_15/images/test/WSSV_BG-81-img-1.jpg,BG+WSSV,2,9
train,/home/drnguyenvinh/notebooks/shrimp_yolo_canonical_bg_wssv_2cls_split70_15_15/images/train/BG-1-img-1.jpg,BG,1,1
train,/home/drnguyenvinh/notebooks/shrimp_yolo_canonical_bg_wssv_2cls_split70_15_15/images/train/BG-1-img-3.jpg,BG,1,1
train,/home/drnguyenvinh/notebooks/shrimp_yolo_canonical_bg_wssv_2cls_split70_15_15/images/train/BG-10-img-1.jpg,BG,1,1
train,/home/drnguyenvinh/notebooks/shrimp_yolo_canonical_bg_wssv_2cls_split70_15_15/images/train/BG-10-img-2.jpg,BG,1,1
train,/home/drnguyenvinh/notebooks/shrimp_yolo_canonical_bg_wssv_2cls_split70_15_15/images/train/BG-10-img-3.jpg,BG,1,1
train,/home/drnguyenvinh/notebooks/shrimp_yolo_canonical_bg_wssv_2cls_split70_15_15/images/train/BG-12-img-1.jpg,BG,1,2
train,/home/drnguyenvinh/notebooks/shrimp_yolo_canonical_bg_wssv_2cls_split70_15_15/images/train/BG-12-img-2.jpg,BG,1,1
train,/home/drnguyenvinh/notebooks/shrimp_yolo_canonical_bg_wssv_2cls_split70_15_15/images/train/BG-13-img-1.jpg,BG,1,1
train,/home/drnguyenvinh/notebooks/shrimp_yolo_canonical_bg_wssv_2cls_split70_15_15/images/train/BG-13-img-2.jpg,BG,1,2
train,/home/drnguyenvinh/notebooks/shrimp_yolo_canonical_bg_wssv_2cls_split70_15_15/images/train/BG-13-img-3.jpg,BG,1,1
train,/home/drnguyenvinh/notebooks/shrimp_yolo_canonical_bg_wssv_2cls_split70_15_15/images/train/BG-14-img-1.jpg,BG,1,1
train,/home/drnguyenvinh/notebooks/shrimp_yolo_canonical_bg_wssv_2cls_split70_15_15/images/train/BG-15-img-1.jpg,BG,1,1
train,/home/drnguyenvinh/notebooks/shrimp_yolo_canonical_bg_wssv_2cls_split70_15_15/images/train/BG-16-img-1.jpg,BG,1,1
train,/home/drnguyenvinh/notebooks/shrimp_yolo_canonical_bg_wssv_2cls_split70_15_15/images/train/BG-17-img-1.jpg,BG,1,1
train,/home/drnguyenvinh/notebooks/shrimp_yolo_canonical_bg_wssv_2cls_split70_15_15/images/train/BG-19-img-1.jpg,BG,1,1
train,/home/drnguyenvinh/notebooks/shrimp_yolo_canonical_bg_wssv_2cls_split70_15_15/images/train/BG-2-img-3.jpg,BG,1,1
train,/home/drnguyenvinh/notebooks/shrimp_yolo_canonical_bg_wssv_2cls_split70_15_15/images/train/BG-20-img-2.jpg,BG,1,2
train,/home/drnguyenvinh/notebooks/shrimp_yolo_canonical_bg_wssv_2cls_split70_15_15/images/train/BG-21-img-2.jpg,BG,1,2
train,/home/drnguyenvinh/notebooks/shrimp_yolo_canonical_bg_wssv_2cls_split70_15_15/images/train/BG-21-img-3.jpg,BG,1,2
train,/home/drnguyenvinh/notebooks/shrimp_yolo_canonical_bg_wssv_2cls_split70_15_15/images/train/BG-22-img-2.jpg,BG,1,1
train,/home/drnguyenvinh/notebooks/shrimp_yolo_canonical_bg_wssv_2cls_split70_15_15/images/train/BG-22-img-3.jpg,BG,1,1
train,/home/drnguyenvinh/notebooks/shrimp_yolo_canonical_bg_wssv_2cls_split70_15_15/images/train/BG-23-img-1.jpg,BG,1,2
train,/home/drnguyenvinh/notebooks/shrimp_yolo_canonical_bg_wssv_2cls_split70_15_15/images/train/BG-23-img-3.jpg,BG,1,3
train,/home/drnguyenvinh/notebooks/shrimp_yolo_canonical_bg_wssv_2cls_split70_15_15/images/train/BG-24-img-1.jpg,BG,1,2
train,/home/drnguyenvinh/notebooks/shrimp_yolo_canonical_bg_wssv_2cls_split70_15_15/images/train/BG-24-img-2.jpg,BG,1,2
train,/home/drnguyenvinh/notebooks/shrimp_yolo_canonical_bg_wssv_2cls_split70_15_15/images/train/BG-25-img-2.jpg,BG,1,1
train,/home/drnguyenvinh/notebooks/shrimp_yolo_canonical_bg_wssv_2cls_split70_15_15/images/train/BG-25-img-3.jpg,BG,1,1
train,/home/drnguyenvinh/notebooks/shrimp_yolo_canonical_bg_wssv_2cls_split70_15_15/images/train/BG-26-img-1.jpg,BG,1,2
train,/home/drnguyenvinh/notebooks/shrimp_yolo_canonical_bg_wssv_2cls_split70_15_15/images/train/BG-27-img-1.jpg,BG,1,2
train,/home/drnguyenvinh/notebooks/shrimp_yolo_canonical_bg_wssv_2cls_split70_15_15/images/train/BG-27-img-2.jpg,BG,1,2
train,/home/drnguyenvinh/notebooks/shrimp_yolo_canonical_bg_wssv_2cls_split70_15_15/images/train/BG-27-img-3.jpg,BG,1,2
train,/home/drnguyenvinh/notebooks/shrimp_yolo_canonical_bg_wssv_2cls_split70_15_15/images/train/BG-28-img-1.jpg,BG,1,1
train,/home/drnguyenvinh/notebooks/shrimp_yolo_canonical_bg_wssv_2cls_split70_15_15/images/train/BG-28-img-2.jpg,BG,1,1
train,/home/drnguyenvinh/notebooks/shrimp_yolo_canonical_bg_wssv_2cls_split70_15_15/images/train/BG-29-img-3.jpg,BG,1,1
train,/home/drnguyenvinh/notebooks/shrimp_yolo_canonical_bg_wssv_2cls_split70_15_15/images/train/BG-3-img-1.jpg,BG,1,2
train,/home/drnguyenvinh/notebooks/shrimp_yolo_canonical_bg_wssv_2cls_split70_15_15/images/train/BG-3-img-2.jpg,BG,1,1
train,/home/drnguyenvinh/notebooks/shrimp_yolo_canonical_bg_wssv_2cls_split70_15_15/images/train/BG-3-img-3.jpg,BG,1,1
train,/home/drnguyenvinh/notebooks/shrimp_yolo_canonical_bg_wssv_2cls_split70_15_15/images/train/BG-31-img-1.jpg,BG,1,2
train,/home/drnguyenvinh/notebooks/shrimp_yolo_canonical_bg_wssv_2cls_split70_15_15/images/train/BG-31-img-3.jpg,BG,1,2
train,/home/drnguyenvinh/notebooks/shrimp_yolo_canonical_bg_wssv_2cls_split70_15_15/images/train/BG-32-img-1.jpg,BG,1,2
train,/home/drnguyenvinh/notebooks/shrimp_yolo_canonical_bg_wssv_2cls_split70_15_15/images/train/BG-33-img-1.jpg,BG,1,2
train,/home/drnguyenvinh/notebooks/shrimp_yolo_canonical_bg_wssv_2cls_split70_15_15/images/train/BG-34-img-1.jpg,BG,1,3
train,/home/drnguyenvinh/notebooks/shrimp_yolo_canonical_bg_wssv_2cls_split70_15_15/images/train/BG-34-img-2.jpg,BG,1,1
train,/home/drnguyenvinh/notebooks/shrimp_yolo_canonical_bg_wssv_2cls_split70_15_15/images/train/BG-34-img-3.jpg,BG,1,3
train,/home/drnguyenvinh/notebooks/shrimp_yolo_canonical_bg_wssv_2cls_split70_15_15/images/train/BG-35-img-2.jpg,BG,1,2
train,/home/drnguyenvinh/notebooks/shrimp_yolo_canonical_bg_wssv_2cls_split70_15_15/images/train/BG-35-img-3.jpg,BG,1,2
train,/home/drnguyenvinh/notebooks/shrimp_yolo_canonical_bg_wssv_2cls_split70_15_15/images/train/BG-36-img-3.jpg,BG,1,1
train,/home/drnguyenvinh/notebooks/shrimp_yolo_canonical_bg_wssv_2cls_split70_15_15/images/train/BG-37-img-1.jpg,BG,1,3
train,/home/drnguyenvinh/notebooks/shrimp_yolo_canonical_bg_wssv_2cls_split70_15_15/images/train/BG-37-img-2.jpg,BG,1,3
train,/home/drnguyenvinh/notebooks/shrimp_yolo_canonical_bg_wssv_2cls_split70_15_15/images/train/BG-38-img-1.jpg,BG,1,4
train,/home/drnguyenvinh/notebooks/shrimp_yolo_canonical_bg_wssv_2cls_split70_15_15/images/train/BG-38-img-2.jpg,BG,1,3
train,/home/drnguyenvinh/notebooks/shrimp_yolo_canonical_bg_wssv_2cls_split70_15_15/images/train/BG-38-img-3.jpg,BG,1,2
train,/home/drnguyenvinh/notebooks/shrimp_yolo_canonical_bg_wssv_2cls_split70_15_15/images/train/BG-39-img-1.jpg,BG,1,2
train,/home/drnguyenvinh/notebooks/shrimp_yolo_canonical_bg_wssv_2cls_split70_15_15/images/train/BG-39-img-2.jpg,BG,1,2
train,/home/drnguyenvinh/notebooks/shrimp_yolo_canonical_bg_wssv_2cls_split70_15_15/images/train/BG-39-img-3.jpg,BG,1,3
train,/home/drnguyenvinh/notebooks/shrimp_yolo_canonical_bg_wssv_2cls_split70_15_15/images/train/BG-4-img-1.jpg,BG,1,2
train,/home/drnguyenvinh/notebooks/shrimp_yolo_canonical_bg_wssv_2cls_split70_15_15/images/train/BG-4-img-2.jpg,BG,1,1
train,/home/drnguyenvinh/notebooks/shrimp_yolo_canonical_bg_wssv_2cls_split70_15_15/images/train/BG-4-img-3.jpg,BG,1,1
train,/home/drnguyenvinh/notebooks/shrimp_yolo_canonical_bg_wssv_2cls_split70_15_15/images/train/BG-40-img-1.jpg,BG,1,5
train,/home/drnguyenvinh/notebooks/shrimp_yolo_canonical_bg_wssv_2cls_split70_15_15/images/train/BG-41-img-2.jpg,BG,1,2
train,/home/drnguyenvinh/notebooks/shrimp_yolo_canonical_bg_wssv_2cls_split70_15_15/images/train/BG-41-img-3.jpg,BG,1,2
train,/home/drnguyenvinh/notebooks/shrimp_yolo_canonical_bg_wssv_2cls_split70_15_15/images/train/BG-42-img-3.jpg,BG,1,3
train,/home/drnguyenvinh/notebooks/shrimp_yolo_canonical_bg_wssv_2cls_split70_15_15/images/train/BG-43-img-1.jpg,BG,1,2
train,/home/drnguyenvinh/notebooks/shrimp_yolo_canonical_bg_wssv_2cls_split70_15_15/images/train/BG-43-img-2.jpg,BG,1,2
train,/home/drnguyenvinh/notebooks/shrimp_yolo_canonical_bg_wssv_2cls_split70_15_15/images/train/BG-44-img-2.jpg,BG,1,3
train,/home/drnguyenvinh/notebooks/shrimp_yolo_canonical_bg_wssv_2cls_split70_15_15/images/train/BG-44-img-3.jpg,BG,1,3
train,/home/drnguyenvinh/notebooks/shrimp_yolo_canonical_bg_wssv_2cls_split70_15_15/images/train/BG-45-img-1.jpg,BG,1,1
train,/home/drnguyenvinh/notebooks/shrimp_yolo_canonical_bg_wssv_2cls_split70_15_15/images/train/BG-45-img-2.jpg,BG,1,1
train,/home/drnguyenvinh/notebooks/shrimp_yolo_canonical_bg_wssv_2cls_split70_15_15/images/train/BG-45-img-3.jpg,BG,1,3
train,/home/drnguyenvinh/notebooks/shrimp_yolo_canonical_bg_wssv_2cls_split70_15_15/images/train/BG-46-img-1.jpg,BG,1,6
train,/home/drnguyenvinh/notebooks/shrimp_yolo_canonical_bg_wssv_2cls_split70_15_15/images/train/BG-46-img-2.jpg,BG,1,3
train,/home/drnguyenvinh/notebooks/shrimp_yolo_canonical_bg_wssv_2cls_split70_15_15/images/train/BG-47-img-1.jpg,BG,1,1
train,/home/drnguyenvinh/notebooks/shrimp_yolo_canonical_bg_wssv_2cls_split70_15_15/images/train/BG-47-img-2.jpg,BG,1,2
train,/home/drnguyenvinh/notebooks/shrimp_yolo_canonical_bg_wssv_2cls_split70_15_15/images/train/BG-48-img-2.jpg,BG,1,3
train,/home/drnguyenvinh/notebooks/shrimp_yolo_canonical_bg_wssv_2cls_split70_15_15/images/train/BG-48-img-3.jpg,BG,1,3
train,/home/drnguyenvinh/notebooks/shrimp_yolo_canonical_bg_wssv_2cls_split70_15_15/images/train/BG-49-img-1.jpg,BG,1,4
train,/home/drnguyenvinh/notebooks/shrimp_yolo_canonical_bg_wssv_2cls_split70_15_15/images/train/BG-49-img-2.jpg,BG,1,1
train,/home/drnguyenvinh/notebooks/shrimp_yolo_canonical_bg_wssv_2cls_split70_15_15/images/train/BG-49-img-3.jpg,BG,1,3
train,/home/drnguyenvinh/notebooks/shrimp_yolo_canonical_bg_wssv_2cls_split70_15_15/images/train/BG-50-img-1.jpg,BG,1,1
train,/home/drnguyenvinh/notebooks/shrimp_yolo_canonical_bg_wssv_2cls_split70_15_15/images/train/BG-50-img-2.jpg,BG,1,3
train,/home/drnguyenvinh/notebooks/shrimp_yolo_canonical_bg_wssv_2cls_split70_15_15/images/train/BG-51-img-2.jpg,BG,1,2
train,/home/drnguyenvinh/notebooks/shrimp_yolo_canonical_bg_wssv_2cls_split70_15_15/images/train/BG-51-img-3.jpg,BG,1,3
train,/home/drnguyenvinh/notebooks/shrimp_yolo_canonical_bg_wssv_2cls_split70_15_15/images/train/BG-52-img-1.jpg,BG,1,2
train,/home/drnguyenvinh/notebooks/shrimp_yolo_canonical_bg_wssv_2cls_split70_15_15/images/train/BG-52-img-2.jpg,BG,1,5
train,/home/drnguyenvinh/notebooks/shrimp_yolo_canonical_bg_wssv_2cls_split70_15_15/images/train/BG-52-img-3.jpg,BG,1,2
train,/home/drnguyenvinh/notebooks/shrimp_yolo_canonical_bg_wssv_2cls_split70_15_15/images/train/BG-53-img-1.jpg,BG,1,2
train,/home/drnguyenvinh/notebooks/shrimp_yolo_canonical_bg_wssv_2cls_split70_15_15/images/train/BG-53-img-2.jpg,BG,1,9
train,/home/drnguyenvinh/notebooks/shrimp_yolo_canonical_bg_wssv_2cls_split70_15_15/images/train/BG-53-img-3.jpg,BG,1,1
train,/home/drnguyenvinh/notebooks/shrimp_yolo_canonical_bg_wssv_2cls_split70_15_15/images/train/BG-54-img-1.jpg,BG,1,4
train,/home/drnguyenvinh/notebooks/shrimp_yolo_canonical_bg_wssv_2cls_split70_15_15/images/train/BG-54-img-2.jpg,BG,1,5
train,/home/drnguyenvinh/notebooks/shrimp_yolo_canonical_bg_wssv_2cls_split70_15_15/images/train/BG-54-img-3.jpg,BG,1,1
train,/home/drnguyenvinh/notebooks/shrimp_yolo_canonical_bg_wssv_2cls_split70_15_15/images/train/BG-55-img-2.jpg,BG,1,2
train,/home/drnguyenvinh/notebooks/shrimp_yolo_canonical_bg_wssv_2cls_split70_15_15/images/train/BG-55-img-3.jpg,BG,1,1
train,/home/drnguyenvinh/notebooks/shrimp_yolo_canonical_bg_wssv_2cls_split70_15_15/images/train/BG-56-img-1.jpg,BG,1,1
train,/home/drnguyenvinh/notebooks/shrimp_yolo_canonical_bg_wssv_2cls_split70_15_15/images/train/BG-56-img-2.jpg,BG,1,2
train,/home/drnguyenvinh/notebooks/shrimp_yolo_canonical_bg_wssv_2cls_split70_15_15/images/train/BG-56-img-3.jpg,BG,1,2
train,/home/drnguyenvinh/notebooks/shrimp_yolo_canonical_bg_wssv_2cls_split70_15_15/images/train/BG-57-img-1.jpg,BG,1,3
train,/home/drnguyenvinh/notebooks/shrimp_yolo_canonical_bg_wssv_2cls_split70_15_15/images/train/BG-58-img-1.jpg,BG,1,1
train,/home/drnguyenvinh/notebooks/shrimp_yolo_canonical_bg_wssv_2cls_split70_15_15/images/train/BG-58-img-3.jpg,BG,1,4
train,/home/drnguyenvinh/notebooks/shrimp_yolo_canonical_bg_wssv_2cls_split70_15_15/images/train/BG-59-img-2.jpg,BG,1,2
train,/home/drnguyenvinh/notebooks/shrimp_yolo_canonical_bg_wssv_2cls_split70_15_15/images/train/BG-6-img-1.jpg,BG,1,1
train,/home/drnguyenvinh/notebooks/shrimp_yolo_canonical_bg_wssv_2cls_split70_15_15/images/train/BG-6-img-3.jpg,BG,1,1
train,/home/drnguyenvinh/notebooks/shrimp_yolo_canonical_bg_wssv_2cls_split70_15_15/images/train/BG-60-img-1.jpg,BG,1,2
train,/home/drnguyenvinh/notebooks/shrimp_yolo_canonical_bg_wssv_2cls_split70_15_15/images/train/BG-60-img-2.jpg,BG,1,3
train,/home/drnguyenvinh/notebooks/shrimp_yolo_canonical_bg_wssv_2cls_split70_15_15/images/train/BG-61-img-1.jpg,BG,1,2
train,/home/drnguyenvinh/notebooks/shrimp_yolo_canonical_bg_wssv_2cls_split70_15_15/images/train/BG-61-img-2.jpg,BG,1,1
train,/home/drnguyenvinh/notebooks/shrimp_yolo_canonical_bg_wssv_2cls_split70_15_15/images/train/BG-61-img-3.jpg,BG,1,2
train,/home/drnguyenvinh/notebooks/shrimp_yolo_canonical_bg_wssv_2cls_split70_15_15/images/train/BG-62-img-3.jpg,BG,1,2
train,/home/drnguyenvinh/notebooks/shrimp_yolo_canonical_bg_wssv_2cls_split70_15_15/images/train/BG-63-img-1.jpg,BG,1,2
train,/home/drnguyenvinh/notebooks/shrimp_yolo_canonical_bg_wssv_2cls_split70_15_15/images/train/BG-64-img-1.jpg,BG,1,8
train,/home/drnguyenvinh/notebooks/shrimp_yolo_canonical_bg_wssv_2cls_split70_15_15/images/train/BG-64-img-2.jpg,BG,1,2
train,/home/drnguyenvinh/notebooks/shrimp_yolo_canonical_bg_wssv_2cls_split70_15_15/images/train/BG-64-img-3.jpg,BG,1,2
train,/home/drnguyenvinh/notebooks/shrimp_yolo_canonical_bg_wssv_2cls_split70_15_15/images/train/BG-65-img-1.jpg,BG,1,1
train,/home/drnguyenvinh/notebooks/shrimp_yolo_canonical_bg_wssv_2cls_split70_15_15/images/train/BG-66-img-1.jpg,BG,1,2
train,/home/drnguyenvinh/notebooks/shrimp_yolo_canonical_bg_wssv_2cls_split70_15_15/images/train/BG-66-img-2.jpg,BG,1,1
train,/home/drnguyenvinh/notebooks/shrimp_yolo_canonical_bg_wssv_2cls_split70_15_15/images/train/BG-66-img-3.jpg,BG,1,2
train,/home/drnguyenvinh/notebooks/shrimp_yolo_canonical_bg_wssv_2cls_split70_15_15/images/train/BG-67-img-1.jpg,BG,1,2
train,/home/drnguyenvinh/notebooks/shrimp_yolo_canonical_bg_wssv_2cls_split70_15_15/images/train/BG-67-img-3.jpg,BG,1,3
train,/home/drnguyenvinh/notebooks/shrimp_yolo_canonical_bg_wssv_2cls_split70_15_15/images/train/BG-68-img-1.jpg,BG,1,3
train,/home/drnguyenvinh/notebooks/shrimp_yolo_canonical_bg_wssv_2cls_split70_15_15/images/train/BG-69-img-1.jpg,BG,1,3
train,/home/drnguyenvinh/notebooks/shrimp_yolo_canonical_bg_wssv_2cls_split70_15_15/images/train/BG-69-img-2.jpg,BG,1,4
train,/home/drnguyenvinh/notebooks/shrimp_yolo_canonical_bg_wssv_2cls_split70_15_15/images/train/BG-69-img-3.jpg,BG,1,4
train,/home/drnguyenvinh/notebooks/shrimp_yolo_canonical_bg_wssv_2cls_split70_15_15/images/train/BG-7-img-1.jpg,BG,1,1
train,/home/drnguyenvinh/notebooks/shrimp_yolo_canonical_bg_wssv_2cls_split70_15_15/images/train/BG-70-img-1.jpg,BG,1,1
train,/home/drnguyenvinh/notebooks/shrimp_yolo_canonical_bg_wssv_2cls_split70_15_15/images/train/BG-70-img-2.jpg,BG,1,1
train,/home/drnguyenvinh/notebooks/shrimp_yolo_canonical_bg_wssv_2cls_split70_15_15/images/train/BG-70-img-3.jpg,BG,1,2
train,/home/drnguyenvinh/notebooks/shrimp_yolo_canonical_bg_wssv_2cls_split70_15_15/images/train/BG-71-img-1.jpg,BG,1,2
train,/home/drnguyenvinh/notebooks/shrimp_yolo_canonical_bg_wssv_2cls_split70_15_15/images/train/BG-71-img-2.jpg,BG,1,11
train,/home/drnguyenvinh/notebooks/shrimp_yolo_canonical_bg_wssv_2cls_split70_15_15/images/train/BG-72-img-2.jpg,BG,1,16
train,/home/drnguyenvinh/notebooks/shrimp_yolo_canonical_bg_wssv_2cls_split70_15_15/images/train/BG-72-img-3.jpg,BG,1,15
train,/home/drnguyenvinh/notebooks/shrimp_yolo_canonical_bg_wssv_2cls_split70_15_15/images/train/BG-73-img-2.jpg,BG,1,3
train,/home/drnguyenvinh/notebooks/shrimp_yolo_canonical_bg_wssv_2cls_split70_15_15/images/train/BG-73-img-3.jpg,BG,1,1
train,/home/drnguyenvinh/notebooks/shrimp_yolo_canonical_bg_wssv_2cls_split70_15_15/images/train/BG-74-img-2.jpg,BG,1,1
train,/home/drnguyenvinh/notebooks/shrimp_yolo_canonical_bg_wssv_2cls_split70_15_15/images/train/BG-75-img-2.jpg,BG,1,18
train,/home/drnguyenvinh/notebooks/shrimp_yolo_canonical_bg_wssv_2cls_split70_15_15/images/train/BG-75-img-3.jpg,BG,1,3
train,/home/drnguyenvinh/notebooks/shrimp_yolo_canonical_bg_wssv_2cls_split70_15_15/images/train/BG-8-img-1.jpg,BG,1,1
train,/home/drnguyenvinh/notebooks/shrimp_yolo_canonical_bg_wssv_2cls_split70_15_15/images/train/BG-8-img-2.jpg,BG,1,2
train,/home/drnguyenvinh/notebooks/shrimp_yolo_canonical_bg_wssv_2cls_split70_15_15/images/train/BG-9-img-2.jpg,BG,1,2
train,/home/drnguyenvinh/notebooks/shrimp_yolo_canonical_bg_wssv_2cls_split70_15_15/images/train/BG-9-img-3.jpg,BG,1,2
train,/home/drnguyenvinh/notebooks/shrimp_yolo_canonical_bg_wssv_2cls_split70_15_15/images/train/WSSV-1-img-1.jpg,WSSV,1,12
train,/home/drnguyenvinh/notebooks/shrimp_yolo_canonical_bg_wssv_2cls_split70_15_15/images/train/WSSV-1-img-2.jpg,WSSV,1,4
train,/home/drnguyenvinh/notebooks/shrimp_yolo_canonical_bg_wssv_2cls_split70_15_15/images/train/WSSV-1-img-3.jpg,WSSV,1,5
train,/home/drnguyenvinh/notebooks/shrimp_yolo_canonical_bg_wssv_2cls_split70_15_15/images/train/WSSV-10-img-2.jpg,WSSV,1,27
train,/home/drnguyenvinh/notebooks/shrimp_yolo_canonical_bg_wssv_2cls_split70_15_15/images/train/WSSV-10-img-3.jpg,WSSV,1,9
train,/home/drnguyenvinh/notebooks/shrimp_yolo_canonical_bg_wssv_2cls_split70_15_15/images/train/WSSV-100-img-1.jpg,WSSV,1,6
train,/home/drnguyenvinh/notebooks/shrimp_yolo_canonical_bg_wssv_2cls_split70_15_15/images/train/WSSV-100-img-2.jpg,WSSV,1,8
train,/home/drnguyenvinh/notebooks/shrimp_yolo_canonical_bg_wssv_2cls_split70_15_15/images/train/WSSV-100-img-3.jpg,WSSV,1,9
train,/home/drnguyenvinh/notebooks/shrimp_yolo_canonical_bg_wssv_2cls_split70_15_15/images/train/WSSV-101-img-1.jpg,WSSV,1,7
train,/home/drnguyenvinh/notebooks/shrimp_yolo_canonical_bg_wssv_2cls_split70_15_15/images/train/WSSV-102-img-1.jpg,WSSV,1,10
train,/home/drnguyenvinh/notebooks/shrimp_yolo_canonical_bg_wssv_2cls_split70_15_15/images/train/WSSV-103-img-1.jpg,WSSV,1,8
train,/home/drnguyenvinh/notebooks/shrimp_yolo_canonical_bg_wssv_2cls_split70_15_15/images/train/WSSV-103-img-2.jpg,WSSV,1,8
train,/home/drnguyenvinh/notebooks/shrimp_yolo_canonical_bg_wssv_2cls_split70_15_15/images/train/WSSV-104-img-2.jpg,WSSV,1,3
train,/home/drnguyenvinh/notebooks/shrimp_yolo_canonical_bg_wssv_2cls_split70_15_15/images/train/WSSV-104-img-3.jpg,WSSV,1,2
train,/home/drnguyenvinh/notebooks/shrimp_yolo_canonical_bg_wssv_2cls_split70_15_15/images/train/WSSV-105-img-1.jpg,WSSV,1,4
train,/home/drnguyenvinh/notebooks/shrimp_yolo_canonical_bg_wssv_2cls_split70_15_15/images/train/WSSV-105-img-2.jpg,WSSV,1,8
train,/home/drnguyenvinh/notebooks/shrimp_yolo_canonical_bg_wssv_2cls_split70_15_15/images/train/WSSV-105-img-3.jpg,WSSV,1,11
train,/home/drnguyenvinh/notebooks/shrimp_yolo_canonical_bg_wssv_2cls_split70_15_15/images/train/WSSV-106-img-1.jpg,WSSV,1,11
train,/home/drnguyenvinh/notebooks/shrimp_yolo_canonical_bg_wssv_2cls_split70_15_15/images/train/WSSV-106-img-3.jpg,WSSV,1,7
train,/home/drnguyenvinh/notebooks/shrimp_yolo_canonical_bg_wssv_2cls_split70_15_15/images/train/WSSV-107-img-2.jpg,WSSV,1,3
train,/home/drnguyenvinh/notebooks/shrimp_yolo_canonical_bg_wssv_2cls_split70_15_15/images/train/WSSV-108-img-1.jpg,WSSV,1,3
train,/home/drnguyenvinh/notebooks/shrimp_yolo_canonical_bg_wssv_2cls_split70_15_15/images/train/WSSV-108-img-2.jpg,WSSV,1,6
train,/home/drnguyenvinh/notebooks/shrimp_yolo_canonical_bg_wssv_2cls_split70_15_15/images/train/WSSV-109-img-3.jpg,WSSV,1,5
train,/home/drnguyenvinh/notebooks/shrimp_yolo_canonical_bg_wssv_2cls_split70_15_15/images/train/WSSV-11-img-2.jpg,WSSV,1,13
train,/home/drnguyenvinh/notebooks/shrimp_yolo_canonical_bg_wssv_2cls_split70_15_15/images/train/WSSV-110-img-1.jpg,WSSV,1,11
train,/home/drnguyenvinh/notebooks/shrimp_yolo_canonical_bg_wssv_2cls_split70_15_15/images/train/WSSV-111-img-1.jpg,WSSV,1,3
train,/home/drnguyenvinh/notebooks/shrimp_yolo_canonical_bg_wssv_2cls_split70_15_15/images/train/WSSV-111-img-2.jpg,WSSV,1,3
train,/home/drnguyenvinh/notebooks/shrimp_yolo_canonical_bg_wssv_2cls_split70_15_15/images/train/WSSV-111-img-3.jpg,WSSV,1,4
train,/home/drnguyenvinh/notebooks/shrimp_yolo_canonical_bg_wssv_2cls_split70_15_15/images/train/WSSV-112-img-2.jpg,WSSV,1,2
train,/home/drnguyenvinh/notebooks/shrimp_yolo_canonical_bg_wssv_2cls_split70_15_15/images/train/WSSV-112-img-3.jpg,WSSV,1,4
train,/home/drnguyenvinh/notebooks/shrimp_yolo_canonical_bg_wssv_2cls_split70_15_15/images/train/WSSV-113-img-1.jpg,WSSV,1,6
train,/home/drnguyenvinh/notebooks/shrimp_yolo_canonical_bg_wssv_2cls_split70_15_15/images/train/WSSV-113-img-2.jpg,WSSV,1,7
train,/home/drnguyenvinh/notebooks/shrimp_yolo_canonical_bg_wssv_2cls_split70_15_15/images/train/WSSV-113-img-3.jpg,WSSV,1,15
train,/home/drnguyenvinh/notebooks/shrimp_yolo_canonical_bg_wssv_2cls_split70_15_15/images/train/WSSV-115-img-2.jpg,WSSV,1,17
train,/home/drnguyenvinh/notebooks/shrimp_yolo_canonical_bg_wssv_2cls_split70_15_15/images/train/WSSV-115-img-3.jpg,WSSV,1,7
train,/home/drnguyenvinh/notebooks/shrimp_yolo_canonical_bg_wssv_2cls_split70_15_15/images/train/WSSV-116-img-1.jpg,WSSV,1,5
train,/home/drnguyenvinh/notebooks/shrimp_yolo_canonical_bg_wssv_2cls_split70_15_15/images/train/WSSV-117-img-1.jpg,WSSV,1,4
train,/home/drnguyenvinh/notebooks/shrimp_yolo_canonical_bg_wssv_2cls_split70_15_15/images/train/WSSV-117-img-2.jpg,WSSV,1,8
train,/home/drnguyenvinh/notebooks/shrimp_yolo_canonical_bg_wssv_2cls_split70_15_15/images/train/WSSV-118-img-1.jpg,WSSV,1,4
train,/home/drnguyenvinh/notebooks/shrimp_yolo_canonical_bg_wssv_2cls_split70_15_15/images/train/WSSV-118-img-2.jpg,WSSV,1,5
train,/home/drnguyenvinh/notebooks/shrimp_yolo_canonical_bg_wssv_2cls_split70_15_15/images/train/WSSV-12-img-2.jpg,WSSV,1,11
train,/home/drnguyenvinh/notebooks/shrimp_yolo_canonical_bg_wssv_2cls_split70_15_15/images/train/WSSV-13-img-1.jpg,WSSV,1,10
train,/home/drnguyenvinh/notebooks/shrimp_yolo_canonical_bg_wssv_2cls_split70_15_15/images/train/WSSV-13-img-2.jpg,WSSV,1,4
train,/home/drnguyenvinh/notebooks/shrimp_yolo_canonical_bg_wssv_2cls_split70_15_15/images/train/WSSV-14-img-1.jpg,WSSV,1,3
train,/home/drnguyenvinh/notebooks/shrimp_yolo_canonical_bg_wssv_2cls_split70_15_15/images/train/WSSV-14-img-3.jpg,WSSV,1,3
train,/home/drnguyenvinh/notebooks/shrimp_yolo_canonical_bg_wssv_2cls_split70_15_15/images/train/WSSV-15-img-1.jpg,WSSV,1,25
train,/home/drnguyenvinh/notebooks/shrimp_yolo_canonical_bg_wssv_2cls_split70_15_15/images/train/WSSV-15-img-2.jpg,WSSV,1,2
train,/home/drnguyenvinh/notebooks/shrimp_yolo_canonical_bg_wssv_2cls_split70_15_15/images/train/WSSV-16-img-1.jpg,WSSV,1,2
train,/home/drnguyenvinh/notebooks/shrimp_yolo_canonical_bg_wssv_2cls_split70_15_15/images/train/WSSV-16-img-2.jpg,WSSV,1,1
train,/home/drnguyenvinh/notebooks/shrimp_yolo_canonical_bg_wssv_2cls_split70_15_15/images/train/WSSV-16-img-3.jpg,WSSV,1,5
train,/home/drnguyenvinh/notebooks/shrimp_yolo_canonical_bg_wssv_2cls_split70_15_15/images/train/WSSV-17-img-1.jpg,WSSV,1,4
train,/home/drnguyenvinh/notebooks/shrimp_yolo_canonical_bg_wssv_2cls_split70_15_15/images/train/WSSV-17-img-2.jpg,WSSV,1,1
train,/home/drnguyenvinh/notebooks/shrimp_yolo_canonical_bg_wssv_2cls_split70_15_15/images/train/WSSV-17-img-3.jpg,WSSV,1,6
train,/home/drnguyenvinh/notebooks/shrimp_yolo_canonical_bg_wssv_2cls_split70_15_15/images/train/WSSV-18-img-1.jpg,WSSV,1,5
train,/home/drnguyenvinh/notebooks/shrimp_yolo_canonical_bg_wssv_2cls_split70_15_15/images/train/WSSV-18-img-2.jpg,WSSV,1,5
train,/home/drnguyenvinh/notebooks/shrimp_yolo_canonical_bg_wssv_2cls_split70_15_15/images/train/WSSV-18-img-3.jpg,WSSV,1,2
train,/home/drnguyenvinh/notebooks/shrimp_yolo_canonical_bg_wssv_2cls_split70_15_15/images/train/WSSV-19-img-1.jpg,WSSV,1,10
train,/home/drnguyenvinh/notebooks/shrimp_yolo_canonical_bg_wssv_2cls_split70_15_15/images/train/WSSV-19-img-2.jpg,WSSV,1,10
train,/home/drnguyenvinh/notebooks/shrimp_yolo_canonical_bg_wssv_2cls_split70_15_15/images/train/WSSV-19-img-3.jpg,WSSV,1,11
train,/home/drnguyenvinh/notebooks/shrimp_yolo_canonical_bg_wssv_2cls_split70_15_15/images/train/WSSV-2-img-2.jpg,WSSV,1,4
train,/home/drnguyenvinh/notebooks/shrimp_yolo_canonical_bg_wssv_2cls_split70_15_15/images/train/WSSV-2-img-3.jpg,WSSV,1,4
train,/home/drnguyenvinh/notebooks/shrimp_yolo_canonical_bg_wssv_2cls_split70_15_15/images/train/WSSV-20-img-1.jpg,WSSV,1,7
train,/home/drnguyenvinh/notebooks/shrimp_yolo_canonical_bg_wssv_2cls_split70_15_15/images/train/WSSV-20-img-2.jpg,WSSV,1,10
train,/home/drnguyenvinh/notebooks/shrimp_yolo_canonical_bg_wssv_2cls_split70_15_15/images/train/WSSV-20-img-3.jpg,WSSV,1,4
train,/home/drnguyenvinh/notebooks/shrimp_yolo_canonical_bg_wssv_2cls_split70_15_15/images/train/WSSV-21-img-1.jpg,WSSV,1,6
train,/home/drnguyenvinh/notebooks/shrimp_yolo_canonical_bg_wssv_2cls_split70_15_15/images/train/WSSV-21-img-2.jpg,WSSV,1,2
train,/home/drnguyenvinh/notebooks/shrimp_yolo_canonical_bg_wssv_2cls_split70_15_15/images/train/WSSV-21-img-3.jpg,WSSV,1,3
train,/home/drnguyenvinh/notebooks/shrimp_yolo_canonical_bg_wssv_2cls_split70_15_15/images/train/WSSV-22-img-2.jpg,WSSV,1,7
train,/home/drnguyenvinh/notebooks/shrimp_yolo_canonical_bg_wssv_2cls_split70_15_15/images/train/WSSV-23-img-1.jpg,WSSV,1,7
train,/home/drnguyenvinh/notebooks/shrimp_yolo_canonical_bg_wssv_2cls_split70_15_15/images/train/WSSV-23-img-2.jpg,WSSV,1,15
train,/home/drnguyenvinh/notebooks/shrimp_yolo_canonical_bg_wssv_2cls_split70_15_15/images/train/WSSV-24-img-2.jpg,WSSV,1,10
train,/home/drnguyenvinh/notebooks/shrimp_yolo_canonical_bg_wssv_2cls_split70_15_15/images/train/WSSV-24-img-3.jpg,WSSV,1,23
train,/home/drnguyenvinh/notebooks/shrimp_yolo_canonical_bg_wssv_2cls_split70_15_15/images/train/WSSV-25-img-1.jpg,WSSV,1,5
train,/home/drnguyenvinh/notebooks/shrimp_yolo_canonical_bg_wssv_2cls_split70_15_15/images/train/WSSV-25-img-3.jpg,WSSV,1,3
train,/home/drnguyenvinh/notebooks/shrimp_yolo_canonical_bg_wssv_2cls_split70_15_15/images/train/WSSV-26-img-2.jpg,WSSV,1,6
train,/home/drnguyenvinh/notebooks/shrimp_yolo_canonical_bg_wssv_2cls_split70_15_15/images/train/WSSV-26-img-3.jpg,WSSV,1,8
train,/home/drnguyenvinh/notebooks/shrimp_yolo_canonical_bg_wssv_2cls_split70_15_15/images/train/WSSV-27-img-1.jpg,WSSV,1,4
train,/home/drnguyenvinh/notebooks/shrimp_yolo_canonical_bg_wssv_2cls_split70_15_15/images/train/WSSV-28-img-1.jpg,WSSV,1,7
train,/home/drnguyenvinh/notebooks/shrimp_yolo_canonical_bg_wssv_2cls_split70_15_15/images/train/WSSV-28-img-2.jpg,WSSV,1,4
train,/home/drnguyenvinh/notebooks/shrimp_yolo_canonical_bg_wssv_2cls_split70_15_15/images/train/WSSV-29-img-1.jpg,WSSV,1,6
train,/home/drnguyenvinh/notebooks/shrimp_yolo_canonical_bg_wssv_2cls_split70_15_15/images/train/WSSV-29-img-2.jpg,WSSV,1,5
train,/home/drnguyenvinh/notebooks/shrimp_yolo_canonical_bg_wssv_2cls_split70_15_15/images/train/WSSV-30-img-1.jpg,WSSV,1,9
train,/home/drnguyenvinh/notebooks/shrimp_yolo_canonical_bg_wssv_2cls_split70_15_15/images/train/WSSV-30-img-3.jpg,WSSV,1,12
train,/home/drnguyenvinh/notebooks/shrimp_yolo_canonical_bg_wssv_2cls_split70_15_15/images/train/WSSV-31-img-1.jpg,WSSV,1,20
train,/home/drnguyenvinh/notebooks/shrimp_yolo_canonical_bg_wssv_2cls_split70_15_15/images/train/WSSV-31-img-2.jpg,WSSV,1,8
train,/home/drnguyenvinh/notebooks/shrimp_yolo_canonical_bg_wssv_2cls_split70_15_15/images/train/WSSV-32-img-1.jpg,WSSV,1,17
train,/home/drnguyenvinh/notebooks/shrimp_yolo_canonical_bg_wssv_2cls_split70_15_15/images/train/WSSV-33-img-1.jpg,WSSV,1,18
train,/home/drnguyenvinh/notebooks/shrimp_yolo_canonical_bg_wssv_2cls_split70_15_15/images/train/WSSV-34-img-1.jpg,WSSV,1,8
train,/home/drnguyenvinh/notebooks/shrimp_yolo_canonical_bg_wssv_2cls_split70_15_15/images/train/WSSV-34-img-2.jpg,WSSV,1,12
train,/home/drnguyenvinh/notebooks/shrimp_yolo_canonical_bg_wssv_2cls_split70_15_15/images/train/WSSV-35-img-1.jpg,WSSV,1,11
train,/home/drnguyenvinh/notebooks/shrimp_yolo_canonical_bg_wssv_2cls_split70_15_15/images/train/WSSV-35-img-2.jpg,WSSV,1,40
train,/home/drnguyenvinh/notebooks/shrimp_yolo_canonical_bg_wssv_2cls_split70_15_15/images/train/WSSV-35-img-3.jpg,WSSV,1,6
train,/home/drnguyenvinh/notebooks/shrimp_yolo_canonical_bg_wssv_2cls_split70_15_15/images/train/WSSV-36-img-1.jpg,WSSV,1,28
train,/home/drnguyenvinh/notebooks/shrimp_yolo_canonical_bg_wssv_2cls_split70_15_15/images/train/WSSV-36-img-2.jpg,WSSV,1,21
train,/home/drnguyenvinh/notebooks/shrimp_yolo_canonical_bg_wssv_2cls_split70_15_15/images/train/WSSV-37-img-1.jpg,WSSV,1,11
train,/home/drnguyenvinh/notebooks/shrimp_yolo_canonical_bg_wssv_2cls_split70_15_15/images/train/WSSV-37-img-2.jpg,WSSV,1,24
train,/home/drnguyenvinh/notebooks/shrimp_yolo_canonical_bg_wssv_2cls_split70_15_15/images/train/WSSV-38-img-2.jpg,WSSV,1,2
train,/home/drnguyenvinh/notebooks/shrimp_yolo_canonical_bg_wssv_2cls_split70_15_15/images/train/WSSV-39-img-1.jpg,WSSV,1,3
train,/home/drnguyenvinh/notebooks/shrimp_yolo_canonical_bg_wssv_2cls_split70_15_15/images/train/WSSV-39-img-3.jpg,WSSV,1,4
train,/home/drnguyenvinh/notebooks/shrimp_yolo_canonical_bg_wssv_2cls_split70_15_15/images/train/WSSV-4-img-1.jpg,WSSV,1,3
train,/home/drnguyenvinh/notebooks/shrimp_yolo_canonical_bg_wssv_2cls_split70_15_15/images/train/WSSV-4-img-2.jpg,WSSV,1,3
train,/home/drnguyenvinh/notebooks/shrimp_yolo_canonical_bg_wssv_2cls_split70_15_15/images/train/WSSV-4-img-3.jpg,WSSV,1,3
train,/home/drnguyenvinh/notebooks/shrimp_yolo_canonical_bg_wssv_2cls_split70_15_15/images/train/WSSV-40-img-1.jpg,WSSV,1,5
train,/home/drnguyenvinh/notebooks/shrimp_yolo_canonical_bg_wssv_2cls_split70_15_15/images/train/WSSV-40-img-2.jpg,WSSV,1,7
train,/home/drnguyenvinh/notebooks/shrimp_yolo_canonical_bg_wssv_2cls_split70_15_15/images/train/WSSV-40-img-3.jpg,WSSV,1,5
train,/home/drnguyenvinh/notebooks/shrimp_yolo_canonical_bg_wssv_2cls_split70_15_15/images/train/WSSV-41-img-1.jpg,WSSV,1,2
train,/home/drnguyenvinh/notebooks/shrimp_yolo_canonical_bg_wssv_2cls_split70_15_15/images/train/WSSV-41-img-2.jpg,WSSV,1,3
train,/home/drnguyenvinh/notebooks/shrimp_yolo_canonical_bg_wssv_2cls_split70_15_15/images/train/WSSV-41-img-3.jpg,WSSV,1,4
train,/home/drnguyenvinh/notebooks/shrimp_yolo_canonical_bg_wssv_2cls_split70_15_15/images/train/WSSV-42-img-1.jpg,WSSV,1,4
train,/home/drnguyenvinh/notebooks/shrimp_yolo_canonical_bg_wssv_2cls_split70_15_15/images/train/WSSV-42-img-2.jpg,WSSV,1,4
train,/home/drnguyenvinh/notebooks/shrimp_yolo_canonical_bg_wssv_2cls_split70_15_15/images/train/WSSV-42-img-3.jpg,WSSV,1,5
train,/home/drnguyenvinh/notebooks/shrimp_yolo_canonical_bg_wssv_2cls_split70_15_15/images/train/WSSV-43-img-1.jpg,WSSV,1,4
train,/home/drnguyenvinh/notebooks/shrimp_yolo_canonical_bg_wssv_2cls_split70_15_15/images/train/WSSV-43-img-2.jpg,WSSV,1,3
train,/home/drnguyenvinh/notebooks/shrimp_yolo_canonical_bg_wssv_2cls_split70_15_15/images/train/WSSV-43-img-3.jpg,WSSV,1,6
train,/home/drnguyenvinh/notebooks/shrimp_yolo_canonical_bg_wssv_2cls_split70_15_15/images/train/WSSV-44-img-2.jpg,WSSV,1,3
train,/home/drnguyenvinh/notebooks/shrimp_yolo_canonical_bg_wssv_2cls_split70_15_15/images/train/WSSV-44-img-3.jpg,WSSV,1,3
train,/home/drnguyenvinh/notebooks/shrimp_yolo_canonical_bg_wssv_2cls_split70_15_15/images/train/WSSV-45-img-1.jpg,WSSV,1,6
train,/home/drnguyenvinh/notebooks/shrimp_yolo_canonical_bg_wssv_2cls_split70_15_15/images/train/WSSV-45-img-2.jpg,WSSV,1,8
train,/home/drnguyenvinh/notebooks/shrimp_yolo_canonical_bg_wssv_2cls_split70_15_15/images/train/WSSV-45-img-3.jpg,WSSV,1,8
train,/home/drnguyenvinh/notebooks/shrimp_yolo_canonical_bg_wssv_2cls_split70_15_15/images/train/WSSV-46-img-1.jpg,WSSV,1,13
train,/home/drnguyenvinh/notebooks/shrimp_yolo_canonical_bg_wssv_2cls_split70_15_15/images/train/WSSV-46-img-3.jpg,WSSV,1,13
train,/home/drnguyenvinh/notebooks/shrimp_yolo_canonical_bg_wssv_2cls_split70_15_15/images/train/WSSV-47-img-1.jpg,WSSV,1,17
train,/home/drnguyenvinh/notebooks/shrimp_yolo_canonical_bg_wssv_2cls_split70_15_15/images/train/WSSV-47-img-3.jpg,WSSV,1,13
train,/home/drnguyenvinh/notebooks/shrimp_yolo_canonical_bg_wssv_2cls_split70_15_15/images/train/WSSV-48-img-1.jpg,WSSV,1,18
train,/home/drnguyenvinh/notebooks/shrimp_yolo_canonical_bg_wssv_2cls_split70_15_15/images/train/WSSV-48-img-2.jpg,WSSV,1,17
train,/home/drnguyenvinh/notebooks/shrimp_yolo_canonical_bg_wssv_2cls_split70_15_15/images/train/WSSV-49-img-1.jpg,WSSV,1,19
train,/home/drnguyenvinh/notebooks/shrimp_yolo_canonical_bg_wssv_2cls_split70_15_15/images/train/WSSV-49-img-2.jpg,WSSV,1,28
train,/home/drnguyenvinh/notebooks/shrimp_yolo_canonical_bg_wssv_2cls_split70_15_15/images/train/WSSV-49-img-3.jpg,WSSV,1,13
train,/home/drnguyenvinh/notebooks/shrimp_yolo_canonical_bg_wssv_2cls_split70_15_15/images/train/WSSV-5-img-1.jpg,WSSV,1,5
train,/home/drnguyenvinh/notebooks/shrimp_yolo_canonical_bg_wssv_2cls_split70_15_15/images/train/WSSV-5-img-2.jpg,WSSV,1,9
train,/home/drnguyenvinh/notebooks/shrimp_yolo_canonical_bg_wssv_2cls_split70_15_15/images/train/WSSV-5-img-3.jpg,WSSV,1,7
train,/home/drnguyenvinh/notebooks/shrimp_yolo_canonical_bg_wssv_2cls_split70_15_15/images/train/WSSV-50-img-1.jpg,WSSV,1,32
train,/home/drnguyenvinh/notebooks/shrimp_yolo_canonical_bg_wssv_2cls_split70_15_15/images/train/WSSV-50-img-3.jpg,WSSV,1,7
train,/home/drnguyenvinh/notebooks/shrimp_yolo_canonical_bg_wssv_2cls_split70_15_15/images/train/WSSV-51-img-1.jpg,WSSV,1,18
train,/home/drnguyenvinh/notebooks/shrimp_yolo_canonical_bg_wssv_2cls_split70_15_15/images/train/WSSV-51-img-2.jpg,WSSV,1,5
train,/home/drnguyenvinh/notebooks/shrimp_yolo_canonical_bg_wssv_2cls_split70_15_15/images/train/WSSV-51-img-3.jpg,WSSV,1,11
train,/home/drnguyenvinh/notebooks/shrimp_yolo_canonical_bg_wssv_2cls_split70_15_15/images/train/WSSV-52-img-1.jpg,WSSV,1,30
train,/home/drnguyenvinh/notebooks/shrimp_yolo_canonical_bg_wssv_2cls_split70_15_15/images/train/WSSV-52-img-2.jpg,WSSV,1,6
train,/home/drnguyenvinh/notebooks/shrimp_yolo_canonical_bg_wssv_2cls_split70_15_15/images/train/WSSV-52-img-3.jpg,WSSV,1,16
train,/home/drnguyenvinh/notebooks/shrimp_yolo_canonical_bg_wssv_2cls_split70_15_15/images/train/WSSV-53-img-1.jpg,WSSV,1,16
train,/home/drnguyenvinh/notebooks/shrimp_yolo_canonical_bg_wssv_2cls_split70_15_15/images/train/WSSV-53-img-2.jpg,WSSV,1,20
train,/home/drnguyenvinh/notebooks/shrimp_yolo_canonical_bg_wssv_2cls_split70_15_15/images/train/WSSV-54-img-2.jpg,WSSV,1,16
train,/home/drnguyenvinh/notebooks/shrimp_yolo_canonical_bg_wssv_2cls_split70_15_15/images/train/WSSV-54-img-3.jpg,WSSV,1,6
train,/home/drnguyenvinh/notebooks/shrimp_yolo_canonical_bg_wssv_2cls_split70_15_15/images/train/WSSV-55-img-1.jpg,WSSV,1,6
train,/home/drnguyenvinh/notebooks/shrimp_yolo_canonical_bg_wssv_2cls_split70_15_15/images/train/WSSV-55-img-2.jpg,WSSV,1,5
train,/home/drnguyenvinh/notebooks/shrimp_yolo_canonical_bg_wssv_2cls_split70_15_15/images/train/WSSV-55-img-3.jpg,WSSV,1,3
train,/home/drnguyenvinh/notebooks/shrimp_yolo_canonical_bg_wssv_2cls_split70_15_15/images/train/WSSV-56-img-1.jpg,WSSV,1,8
train,/home/drnguyenvinh/notebooks/shrimp_yolo_canonical_bg_wssv_2cls_split70_15_15/images/train/WSSV-56-img-2.jpg,WSSV,1,5
train,/home/drnguyenvinh/notebooks/shrimp_yolo_canonical_bg_wssv_2cls_split70_15_15/images/train/WSSV-56-img-3.jpg,WSSV,1,5
train,/home/drnguyenvinh/notebooks/shrimp_yolo_canonical_bg_wssv_2cls_split70_15_15/images/train/WSSV-57-img-1.jpg,WSSV,1,14
train,/home/drnguyenvinh/notebooks/shrimp_yolo_canonical_bg_wssv_2cls_split70_15_15/images/train/WSSV-57-img-2.jpg,WSSV,1,11
train,/home/drnguyenvinh/notebooks/shrimp_yolo_canonical_bg_wssv_2cls_split70_15_15/images/train/WSSV-58-img-1.jpg,WSSV,1,14
train,/home/drnguyenvinh/notebooks/shrimp_yolo_canonical_bg_wssv_2cls_split70_15_15/images/train/WSSV-58-img-3.jpg,WSSV,1,30
train,/home/drnguyenvinh/notebooks/shrimp_yolo_canonical_bg_wssv_2cls_split70_15_15/images/train/WSSV-59-img-2.jpg,WSSV,1,6
train,/home/drnguyenvinh/notebooks/shrimp_yolo_canonical_bg_wssv_2cls_split70_15_15/images/train/WSSV-6-img-2.jpg,WSSV,1,6
train,/home/drnguyenvinh/notebooks/shrimp_yolo_canonical_bg_wssv_2cls_split70_15_15/images/train/WSSV-60-img-1.jpg,WSSV,1,22
train,/home/drnguyenvinh/notebooks/shrimp_yolo_canonical_bg_wssv_2cls_split70_15_15/images/train/WSSV-60-img-2.jpg,WSSV,1,6
train,/home/drnguyenvinh/notebooks/shrimp_yolo_canonical_bg_wssv_2cls_split70_15_15/images/train/WSSV-60-img-3.jpg,WSSV,1,1
train,/home/drnguyenvinh/notebooks/shrimp_yolo_canonical_bg_wssv_2cls_split70_15_15/images/train/WSSV-61-img-2.jpg,WSSV,1,14
train,/home/drnguyenvinh/notebooks/shrimp_yolo_canonical_bg_wssv_2cls_split70_15_15/images/train/WSSV-62-img-2.jpg,WSSV,1,24
train,/home/drnguyenvinh/notebooks/shrimp_yolo_canonical_bg_wssv_2cls_split70_15_15/images/train/WSSV-64-img-1.jpg,WSSV,1,5
train,/home/drnguyenvinh/notebooks/shrimp_yolo_canonical_bg_wssv_2cls_split70_15_15/images/train/WSSV-64-img-2.jpg,WSSV,1,5
train,/home/drnguyenvinh/notebooks/shrimp_yolo_canonical_bg_wssv_2cls_split70_15_15/images/train/WSSV-65-img-1.jpg,WSSV,1,10
train,/home/drnguyenvinh/notebooks/shrimp_yolo_canonical_bg_wssv_2cls_split70_15_15/images/train/WSSV-65-img-3.jpg,WSSV,1,22
train,/home/drnguyenvinh/notebooks/shrimp_yolo_canonical_bg_wssv_2cls_split70_15_15/images/train/WSSV-66-img-1.jpg,WSSV,1,2
train,/home/drnguyenvinh/notebooks/shrimp_yolo_canonical_bg_wssv_2cls_split70_15_15/images/train/WSSV-66-img-3.jpg,WSSV,1,3
train,/home/drnguyenvinh/notebooks/shrimp_yolo_canonical_bg_wssv_2cls_split70_15_15/images/train/WSSV-67-img-2.jpg,WSSV,1,16
train,/home/drnguyenvinh/notebooks/shrimp_yolo_canonical_bg_wssv_2cls_split70_15_15/images/train/WSSV-67-img-3.jpg,WSSV,1,5
train,/home/drnguyenvinh/notebooks/shrimp_yolo_canonical_bg_wssv_2cls_split70_15_15/images/train/WSSV-68-img-1.jpg,WSSV,1,17
train,/home/drnguyenvinh/notebooks/shrimp_yolo_canonical_bg_wssv_2cls_split70_15_15/images/train/WSSV-68-img-2.jpg,WSSV,1,17
train,/home/drnguyenvinh/notebooks/shrimp_yolo_canonical_bg_wssv_2cls_split70_15_15/images/train/WSSV-69-img-2.jpg,WSSV,1,12
train,/home/drnguyenvinh/notebooks/shrimp_yolo_canonical_bg_wssv_2cls_split70_15_15/images/train/WSSV-7-img-1.jpg,WSSV,1,5
train,/home/drnguyenvinh/notebooks/shrimp_yolo_canonical_bg_wssv_2cls_split70_15_15/images/train/WSSV-7-img-2.jpg,WSSV,1,1
train,/home/drnguyenvinh/notebooks/shrimp_yolo_canonical_bg_wssv_2cls_split70_15_15/images/train/WSSV-70-img-2.jpg,WSSV,1,29
train,/home/drnguyenvinh/notebooks/shrimp_yolo_canonical_bg_wssv_2cls_split70_15_15/images/train/WSSV-70-img-3.jpg,WSSV,1,18
train,/home/drnguyenvinh/notebooks/shrimp_yolo_canonical_bg_wssv_2cls_split70_15_15/images/train/WSSV-71-img-1.jpg,WSSV,1,14
train,/home/drnguyenvinh/notebooks/shrimp_yolo_canonical_bg_wssv_2cls_split70_15_15/images/train/WSSV-71-img-2.jpg,WSSV,1,11
train,/home/drnguyenvinh/notebooks/shrimp_yolo_canonical_bg_wssv_2cls_split70_15_15/images/train/WSSV-72-img-1.jpg,WSSV,1,12
train,/home/drnguyenvinh/notebooks/shrimp_yolo_canonical_bg_wssv_2cls_split70_15_15/images/train/WSSV-72-img-2.jpg,WSSV,1,11
train,/home/drnguyenvinh/notebooks/shrimp_yolo_canonical_bg_wssv_2cls_split70_15_15/images/train/WSSV-72-img-3.jpg,WSSV,1,15
train,/home/drnguyenvinh/notebooks/shrimp_yolo_canonical_bg_wssv_2cls_split70_15_15/images/train/WSSV-73-img-1.jpg,WSSV,1,10
train,/home/drnguyenvinh/notebooks/shrimp_yolo_canonical_bg_wssv_2cls_split70_15_15/images/train/WSSV-73-img-2.jpg,WSSV,1,10
train,/home/drnguyenvinh/notebooks/shrimp_yolo_canonical_bg_wssv_2cls_split70_15_15/images/train/WSSV-73-img-3.jpg,WSSV,1,18
train,/home/drnguyenvinh/notebooks/shrimp_yolo_canonical_bg_wssv_2cls_split70_15_15/images/train/WSSV-74-img-1.jpg,WSSV,1,9
train,/home/drnguyenvinh/notebooks/shrimp_yolo_canonical_bg_wssv_2cls_split70_15_15/images/train/WSSV-74-img-2.jpg,WSSV,1,14
train,/home/drnguyenvinh/notebooks/shrimp_yolo_canonical_bg_wssv_2cls_split70_15_15/images/train/WSSV-74-img-3.jpg,WSSV,1,23
train,/home/drnguyenvinh/notebooks/shrimp_yolo_canonical_bg_wssv_2cls_split70_15_15/images/train/WSSV-75-img-1.jpg,WSSV,1,6
train,/home/drnguyenvinh/notebooks/shrimp_yolo_canonical_bg_wssv_2cls_split70_15_15/images/train/WSSV-75-img-2.jpg,WSSV,1,2
train,/home/drnguyenvinh/notebooks/shrimp_yolo_canonical_bg_wssv_2cls_split70_15_15/images/train/WSSV-76-img-1.jpg,WSSV,1,5
train,/home/drnguyenvinh/notebooks/shrimp_yolo_canonical_bg_wssv_2cls_split70_15_15/images/train/WSSV-76-img-2.jpg,WSSV,1,7
train,/home/drnguyenvinh/notebooks/shrimp_yolo_canonical_bg_wssv_2cls_split70_15_15/images/train/WSSV-76-img-3.jpg,WSSV,1,9
train,/home/drnguyenvinh/notebooks/shrimp_yolo_canonical_bg_wssv_2cls_split70_15_15/images/train/WSSV-77-img-3.jpg,WSSV,1,10
train,/home/drnguyenvinh/notebooks/shrimp_yolo_canonical_bg_wssv_2cls_split70_15_15/images/train/WSSV-78-img-2.jpg,WSSV,1,3
train,/home/drnguyenvinh/notebooks/shrimp_yolo_canonical_bg_wssv_2cls_split70_15_15/images/train/WSSV-79-img-1.jpg,WSSV,1,3
train,/home/drnguyenvinh/notebooks/shrimp_yolo_canonical_bg_wssv_2cls_split70_15_15/images/train/WSSV-8-img-1.jpg,WSSV,1,18
train,/home/drnguyenvinh/notebooks/shrimp_yolo_canonical_bg_wssv_2cls_split70_15_15/images/train/WSSV-8-img-2.jpg,WSSV,1,15
train,/home/drnguyenvinh/notebooks/shrimp_yolo_canonical_bg_wssv_2cls_split70_15_15/images/train/WSSV-80-img-1.jpg,WSSV,1,7
train,/home/drnguyenvinh/notebooks/shrimp_yolo_canonical_bg_wssv_2cls_split70_15_15/images/train/WSSV-81-img-2.jpg,WSSV,1,3
train,/home/drnguyenvinh/notebooks/shrimp_yolo_canonical_bg_wssv_2cls_split70_15_15/images/train/WSSV-82-img-1.jpg,WSSV,1,10
train,/home/drnguyenvinh/notebooks/shrimp_yolo_canonical_bg_wssv_2cls_split70_15_15/images/train/WSSV-84-img-1.jpg,WSSV,1,8
train,/home/drnguyenvinh/notebooks/shrimp_yolo_canonical_bg_wssv_2cls_split70_15_15/images/train/WSSV-85-img-1.jpg,WSSV,1,8
train,/home/drnguyenvinh/notebooks/shrimp_yolo_canonical_bg_wssv_2cls_split70_15_15/images/train/WSSV-85-img-2.jpg,WSSV,1,10
train,/home/drnguyenvinh/notebooks/shrimp_yolo_canonical_bg_wssv_2cls_split70_15_15/images/train/WSSV-86-img-1.jpg,WSSV,1,3
train,/home/drnguyenvinh/notebooks/shrimp_yolo_canonical_bg_wssv_2cls_split70_15_15/images/train/WSSV-86-img-2.jpg,WSSV,1,5
train,/home/drnguyenvinh/notebooks/shrimp_yolo_canonical_bg_wssv_2cls_split70_15_15/images/train/WSSV-87-img-1.jpg,WSSV,1,7
train,/home/drnguyenvinh/notebooks/shrimp_yolo_canonical_bg_wssv_2cls_split70_15_15/images/train/WSSV-87-img-2.jpg,WSSV,1,10
train,/home/drnguyenvinh/notebooks/shrimp_yolo_canonical_bg_wssv_2cls_split70_15_15/images/train/WSSV-88-img-1.jpg,WSSV,1,9
train,/home/drnguyenvinh/notebooks/shrimp_yolo_canonical_bg_wssv_2cls_split70_15_15/images/train/WSSV-88-img-2.jpg,WSSV,1,13
train,/home/drnguyenvinh/notebooks/shrimp_yolo_canonical_bg_wssv_2cls_split70_15_15/images/train/WSSV-89-img-1.jpg,WSSV,1,6
train,/home/drnguyenvinh/notebooks/shrimp_yolo_canonical_bg_wssv_2cls_split70_15_15/images/train/WSSV-89-img-2.jpg,WSSV,1,8
train,/home/drnguyenvinh/notebooks/shrimp_yolo_canonical_bg_wssv_2cls_split70_15_15/images/train/WSSV-9-img-1.jpg,WSSV,1,7
train,/home/drnguyenvinh/notebooks/shrimp_yolo_canonical_bg_wssv_2cls_split70_15_15/images/train/WSSV-9-img-2.jpg,WSSV,1,6
train,/home/drnguyenvinh/notebooks/shrimp_yolo_canonical_bg_wssv_2cls_split70_15_15/images/train/WSSV-90-img-2.jpg,WSSV,1,5
train,/home/drnguyenvinh/notebooks/shrimp_yolo_canonical_bg_wssv_2cls_split70_15_15/images/train/WSSV-92-img-2.jpg,WSSV,1,3
train,/home/drnguyenvinh/notebooks/shrimp_yolo_canonical_bg_wssv_2cls_split70_15_15/images/train/WSSV-93-img-1.jpg,WSSV,1,5
train,/home/drnguyenvinh/notebooks/shrimp_yolo_canonical_bg_wssv_2cls_split70_15_15/images/train/WSSV-93-img-2.jpg,WSSV,1,5
train,/home/drnguyenvinh/notebooks/shrimp_yolo_canonical_bg_wssv_2cls_split70_15_15/images/train/WSSV-93-img-3.jpg,WSSV,1,5
train,/home/drnguyenvinh/notebooks/shrimp_yolo_canonical_bg_wssv_2cls_split70_15_15/images/train/WSSV-94-img-3.jpg,WSSV,1,5
train,/home/drnguyenvinh/notebooks/shrimp_yolo_canonical_bg_wssv_2cls_split70_15_15/images/train/WSSV-95-img-1.jpg,WSSV,1,3
train,/home/drnguyenvinh/notebooks/shrimp_yolo_canonical_bg_wssv_2cls_split70_15_15/images/train/WSSV-95-img-2.jpg,WSSV,1,5
train,/home/drnguyenvinh/notebooks/shrimp_yolo_canonical_bg_wssv_2cls_split70_15_15/images/train/WSSV-95-img-3.jpg,WSSV,1,3
train,/home/drnguyenvinh/notebooks/shrimp_yolo_canonical_bg_wssv_2cls_split70_15_15/images/train/WSSV-96-img-1.jpg,WSSV,1,12
train,/home/drnguyenvinh/notebooks/shrimp_yolo_canonical_bg_wssv_2cls_split70_15_15/images/train/WSSV-97-img-1.jpg,WSSV,1,4
train,/home/drnguyenvinh/notebooks/shrimp_yolo_canonical_bg_wssv_2cls_split70_15_15/images/train/WSSV-97-img-3.jpg,WSSV,1,7
train,/home/drnguyenvinh/notebooks/shrimp_yolo_canonical_bg_wssv_2cls_split70_15_15/images/train/WSSV-98-img-1.jpg,WSSV,1,5
train,/home/drnguyenvinh/notebooks/shrimp_yolo_canonical_bg_wssv_2cls_split70_15_15/images/train/WSSV-98-img-2.jpg,WSSV,1,11
train,/home/drnguyenvinh/notebooks/shrimp_yolo_canonical_bg_wssv_2cls_split70_15_15/images/train/WSSV-98-img-3.jpg,WSSV,1,10
train,/home/drnguyenvinh/notebooks/shrimp_yolo_canonical_bg_wssv_2cls_split70_15_15/images/train/WSSV-99-img-1.jpg,WSSV,1,13
train,/home/drnguyenvinh/notebooks/shrimp_yolo_canonical_bg_wssv_2cls_split70_15_15/images/train/WSSV-99-img-2.jpg,WSSV,1,11
train,/home/drnguyenvinh/notebooks/shrimp_yolo_canonical_bg_wssv_2cls_split70_15_15/images/train/WSSV-99-img-3.jpg,WSSV,1,8
train,/home/drnguyenvinh/notebooks/shrimp_yolo_canonical_bg_wssv_2cls_split70_15_15/images/train/WSSV_BG-1-img-2.jpg,BG+WSSV,2,5
train,/home/drnguyenvinh/notebooks/shrimp_yolo_canonical_bg_wssv_2cls_split70_15_15/images/train/WSSV_BG-1-img-3.jpg,BG+WSSV,2,6
train,/home/drnguyenvinh/notebooks/shrimp_yolo_canonical_bg_wssv_2cls_split70_15_15/images/train/WSSV_BG-10-img-1.jpg,BG+WSSV,2,12
train,/home/drnguyenvinh/notebooks/shrimp_yolo_canonical_bg_wssv_2cls_split70_15_15/images/train/WSSV_BG-10-img-2.jpg,BG+WSSV,2,7
train,/home/drnguyenvinh/notebooks/shrimp_yolo_canonical_bg_wssv_2cls_split70_15_15/images/train/WSSV_BG-10-img-3.jpg,BG+WSSV,2,9
train,/home/drnguyenvinh/notebooks/shrimp_yolo_canonical_bg_wssv_2cls_split70_15_15/images/train/WSSV_BG-11-img-2.jpg,BG+WSSV,2,7
train,/home/drnguyenvinh/notebooks/shrimp_yolo_canonical_bg_wssv_2cls_split70_15_15/images/train/WSSV_BG-11-img-3.jpg,BG+WSSV,2,8
train,/home/drnguyenvinh/notebooks/shrimp_yolo_canonical_bg_wssv_2cls_split70_15_15/images/train/WSSV_BG-12-img-1.jpg,BG+WSSV,2,5
train,/home/drnguyenvinh/notebooks/shrimp_yolo_canonical_bg_wssv_2cls_split70_15_15/images/train/WSSV_BG-12-img-2.jpg,BG+WSSV,2,6
train,/home/drnguyenvinh/notebooks/shrimp_yolo_canonical_bg_wssv_2cls_split70_15_15/images/train/WSSV_BG-13-img-1.jpg,BG+WSSV,2,16
train,/home/drnguyenvinh/notebooks/shrimp_yolo_canonical_bg_wssv_2cls_split70_15_15/images/train/WSSV_BG-13-img-2.jpg,BG+WSSV,2,8
train,/home/drnguyenvinh/notebooks/shrimp_yolo_canonical_bg_wssv_2cls_split70_15_15/images/train/WSSV_BG-13-img-3.jpg,BG+WSSV,2,11
train,/home/drnguyenvinh/notebooks/shrimp_yolo_canonical_bg_wssv_2cls_split70_15_15/images/train/WSSV_BG-14-img-1.jpg,BG+WSSV,2,5
train,/home/drnguyenvinh/notebooks/shrimp_yolo_canonical_bg_wssv_2cls_split70_15_15/images/train/WSSV_BG-14-img-2.jpg,BG+WSSV,2,6
train,/home/drnguyenvinh/notebooks/shrimp_yolo_canonical_bg_wssv_2cls_split70_15_15/images/train/WSSV_BG-14-img-3.jpg,BG+WSSV,2,8
train,/home/drnguyenvinh/notebooks/shrimp_yolo_canonical_bg_wssv_2cls_split70_15_15/images/train/WSSV_BG-15-img-2.jpg,BG+WSSV,2,3
train,/home/drnguyenvinh/notebooks/shrimp_yolo_canonical_bg_wssv_2cls_split70_15_15/images/train/WSSV_BG-16-img-1.jpg,BG+WSSV,2,9
train,/home/drnguyenvinh/notebooks/shrimp_yolo_canonical_bg_wssv_2cls_split70_15_15/images/train/WSSV_BG-16-img-3.jpg,BG+WSSV,2,8
train,/home/drnguyenvinh/notebooks/shrimp_yolo_canonical_bg_wssv_2cls_split70_15_15/images/train/WSSV_BG-17-img-2.jpg,BG+WSSV,2,12
train,/home/drnguyenvinh/notebooks/shrimp_yolo_canonical_bg_wssv_2cls_split70_15_15/images/train/WSSV_BG-17-img-3.jpg,BG+WSSV,2,6
train,/home/drnguyenvinh/notebooks/shrimp_yolo_canonical_bg_wssv_2cls_split70_15_15/images/train/WSSV_BG-18-img-1.jpg,BG+WSSV,2,7
train,/home/drnguyenvinh/notebooks/shrimp_yolo_canonical_bg_wssv_2cls_split70_15_15/images/train/WSSV_BG-18-img-2.jpg,BG+WSSV,2,7
train,/home/drnguyenvinh/notebooks/shrimp_yolo_canonical_bg_wssv_2cls_split70_15_15/images/train/WSSV_BG-18-img-3.jpg,BG+WSSV,2,6
train,/home/drnguyenvinh/notebooks/shrimp_yolo_canonical_bg_wssv_2cls_split70_15_15/images/train/WSSV_BG-19-img-1.jpg,BG+WSSV,2,8
train,/home/drnguyenvinh/notebooks/shrimp_yolo_canonical_bg_wssv_2cls_split70_15_15/images/train/WSSV_BG-19-img-2.jpg,BG+WSSV,2,6
train,/home/drnguyenvinh/notebooks/shrimp_yolo_canonical_bg_wssv_2cls_split70_15_15/images/train/WSSV_BG-19-img-3.jpg,BG+WSSV,2,4
train,/home/drnguyenvinh/notebooks/shrimp_yolo_canonical_bg_wssv_2cls_split70_15_15/images/train/WSSV_BG-2-img-2.jpg,BG+WSSV,2,8
train,/home/drnguyenvinh/notebooks/shrimp_yolo_canonical_bg_wssv_2cls_split70_15_15/images/train/WSSV_BG-2-img-3.jpg,BG+WSSV,2,6
train,/home/drnguyenvinh/notebooks/shrimp_yolo_canonical_bg_wssv_2cls_split70_15_15/images/train/WSSV_BG-20-img-1.jpg,BG+WSSV,2,4
train,/home/drnguyenvinh/notebooks/shrimp_yolo_canonical_bg_wssv_2cls_split70_15_15/images/train/WSSV_BG-20-img-2.jpg,BG+WSSV,2,7
train,/home/drnguyenvinh/notebooks/shrimp_yolo_canonical_bg_wssv_2cls_split70_15_15/images/train/WSSV_BG-21-img-1.jpg,BG+WSSV,2,10
train,/home/drnguyenvinh/notebooks/shrimp_yolo_canonical_bg_wssv_2cls_split70_15_15/images/train/WSSV_BG-21-img-2.jpg,BG+WSSV,2,9
train,/home/drnguyenvinh/notebooks/shrimp_yolo_canonical_bg_wssv_2cls_split70_15_15/images/train/WSSV_BG-22-img-1.jpg,BG+WSSV,2,13
train,/home/drnguyenvinh/notebooks/shrimp_yolo_canonical_bg_wssv_2cls_split70_15_15/images/train/WSSV_BG-22-img-2.jpg,BG+WSSV,2,8
train,/home/drnguyenvinh/notebooks/shrimp_yolo_canonical_bg_wssv_2cls_split70_15_15/images/train/WSSV_BG-22-img-3.jpg,BG+WSSV,2,10
train,/home/drnguyenvinh/notebooks/shrimp_yolo_canonical_bg_wssv_2cls_split70_15_15/images/train/WSSV_BG-24-img-2.jpg,BG+WSSV,2,9
train,/home/drnguyenvinh/notebooks/shrimp_yolo_canonical_bg_wssv_2cls_split70_15_15/images/train/WSSV_BG-24-img-3.jpg,BG+WSSV,2,12
train,/home/drnguyenvinh/notebooks/shrimp_yolo_canonical_bg_wssv_2cls_split70_15_15/images/train/WSSV_BG-25-img-1.jpg,BG+WSSV,2,4
train,/home/drnguyenvinh/notebooks/shrimp_yolo_canonical_bg_wssv_2cls_split70_15_15/images/train/WSSV_BG-25-img-2.jpg,BG+WSSV,2,4
train,/home/drnguyenvinh/notebooks/shrimp_yolo_canonical_bg_wssv_2cls_split70_15_15/images/train/WSSV_BG-26-img-2.jpg,BG+WSSV,2,14
train,/home/drnguyenvinh/notebooks/shrimp_yolo_canonical_bg_wssv_2cls_split70_15_15/images/train/WSSV_BG-26-img-3.jpg,BG+WSSV,2,10
train,/home/drnguyenvinh/notebooks/shrimp_yolo_canonical_bg_wssv_2cls_split70_15_15/images/train/WSSV_BG-28-img-1.jpg,BG+WSSV,2,12
train,/home/drnguyenvinh/notebooks/shrimp_yolo_canonical_bg_wssv_2cls_split70_15_15/images/train/WSSV_BG-28-img-2.jpg,BG+WSSV,2,11
train,/home/drnguyenvinh/notebooks/shrimp_yolo_canonical_bg_wssv_2cls_split70_15_15/images/train/WSSV_BG-29-img-1.jpg,BG+WSSV,2,15
train,/home/drnguyenvinh/notebooks/shrimp_yolo_canonical_bg_wssv_2cls_split70_15_15/images/train/WSSV_BG-29-img-2.jpg,BG+WSSV,2,12
train,/home/drnguyenvinh/notebooks/shrimp_yolo_canonical_bg_wssv_2cls_split70_15_15/images/train/WSSV_BG-3-img-1.jpg,BG+WSSV,2,2
train,/home/drnguyenvinh/notebooks/shrimp_yolo_canonical_bg_wssv_2cls_split70_15_15/images/train/WSSV_BG-3-img-3.jpg,BG+WSSV,2,3
train,/home/drnguyenvinh/notebooks/shrimp_yolo_canonical_bg_wssv_2cls_split70_15_15/images/train/WSSV_BG-30-img-1.jpg,BG+WSSV,2,2
train,/home/drnguyenvinh/notebooks/shrimp_yolo_canonical_bg_wssv_2cls_split70_15_15/images/train/WSSV_BG-30-img-2.jpg,BG+WSSV,2,9
train,/home/drnguyenvinh/notebooks/shrimp_yolo_canonical_bg_wssv_2cls_split70_15_15/images/train/WSSV_BG-31-img-1.jpg,BG+WSSV,2,8
train,/home/drnguyenvinh/notebooks/shrimp_yolo_canonical_bg_wssv_2cls_split70_15_15/images/train/WSSV_BG-31-img-2.jpg,BG+WSSV,2,5
train,/home/drnguyenvinh/notebooks/shrimp_yolo_canonical_bg_wssv_2cls_split70_15_15/images/train/WSSV_BG-31-img-3.jpg,BG+WSSV,2,5
train,/home/drnguyenvinh/notebooks/shrimp_yolo_canonical_bg_wssv_2cls_split70_15_15/images/train/WSSV_BG-32-img-1.jpg,BG+WSSV,2,14
train,/home/drnguyenvinh/notebooks/shrimp_yolo_canonical_bg_wssv_2cls_split70_15_15/images/train/WSSV_BG-32-img-2.jpg,BG+WSSV,2,12
train,/home/drnguyenvinh/notebooks/shrimp_yolo_canonical_bg_wssv_2cls_split70_15_15/images/train/WSSV_BG-32-img-3.jpg,BG+WSSV,2,8
train,/home/drnguyenvinh/notebooks/shrimp_yolo_canonical_bg_wssv_2cls_split70_15_15/images/train/WSSV_BG-33-img-3.jpg,BG+WSSV,2,14
train,/home/drnguyenvinh/notebooks/shrimp_yolo_canonical_bg_wssv_2cls_split70_15_15/images/train/WSSV_BG-35-img-1.jpg,BG+WSSV,2,3
train,/home/drnguyenvinh/notebooks/shrimp_yolo_canonical_bg_wssv_2cls_split70_15_15/images/train/WSSV_BG-36-img-1.jpg,BG+WSSV,2,6
train,/home/drnguyenvinh/notebooks/shrimp_yolo_canonical_bg_wssv_2cls_split70_15_15/images/train/WSSV_BG-36-img-2.jpg,BG+WSSV,2,7
train,/home/drnguyenvinh/notebooks/shrimp_yolo_canonical_bg_wssv_2cls_split70_15_15/images/train/WSSV_BG-37-img-2.jpg,BG+WSSV,2,7
train,/home/drnguyenvinh/notebooks/shrimp_yolo_canonical_bg_wssv_2cls_split70_15_15/images/train/WSSV_BG-38-img-1.jpg,BG+WSSV,2,5
train,/home/drnguyenvinh/notebooks/shrimp_yolo_canonical_bg_wssv_2cls_split70_15_15/images/train/WSSV_BG-38-img-2.jpg,BG+WSSV,2,13
train,/home/drnguyenvinh/notebooks/shrimp_yolo_canonical_bg_wssv_2cls_split70_15_15/images/train/WSSV_BG-38-img-3.jpg,BG+WSSV,2,10
train,/home/drnguyenvinh/notebooks/shrimp_yolo_canonical_bg_wssv_2cls_split70_15_15/images/train/WSSV_BG-39-img-1.jpg,BG+WSSV,2,8
train,/home/drnguyenvinh/notebooks/shrimp_yolo_canonical_bg_wssv_2cls_split70_15_15/images/train/WSSV_BG-39-img-2.jpg,BG+WSSV,2,8
train,/home/drnguyenvinh/notebooks/shrimp_yolo_canonical_bg_wssv_2cls_split70_15_15/images/train/WSSV_BG-4-img-1.jpg,BG+WSSV,2,9
train,/home/drnguyenvinh/notebooks/shrimp_yolo_canonical_bg_wssv_2cls_split70_15_15/images/train/WSSV_BG-4-img-2.jpg,BG+WSSV,2,9
train,/home/drnguyenvinh/notebooks/shrimp_yolo_canonical_bg_wssv_2cls_split70_15_15/images/train/WSSV_BG-4-img-3.jpg,BG+WSSV,2,12
train,/home/drnguyenvinh/notebooks/shrimp_yolo_canonical_bg_wssv_2cls_split70_15_15/images/train/WSSV_BG-40-img-1.jpg,BG+WSSV,2,3
train,/home/drnguyenvinh/notebooks/shrimp_yolo_canonical_bg_wssv_2cls_split70_15_15/images/train/WSSV_BG-40-img-2.jpg,BG+WSSV,2,7
train,/home/drnguyenvinh/notebooks/shrimp_yolo_canonical_bg_wssv_2cls_split70_15_15/images/train/WSSV_BG-40-img-3.jpg,BG+WSSV,2,8
train,/home/drnguyenvinh/notebooks/shrimp_yolo_canonical_bg_wssv_2cls_split70_15_15/images/train/WSSV_BG-41-img-3.jpg,BG+WSSV,2,2
train,/home/drnguyenvinh/notebooks/shrimp_yolo_canonical_bg_wssv_2cls_split70_15_15/images/train/WSSV_BG-42-img-1.jpg,BG,1,2
train,/home/drnguyenvinh/notebooks/shrimp_yolo_canonical_bg_wssv_2cls_split70_15_15/images/train/WSSV_BG-42-img-2.jpg,BG+WSSV,2,9
train,/home/drnguyenvinh/notebooks/shrimp_yolo_canonical_bg_wssv_2cls_split70_15_15/images/train/WSSV_BG-42-img-3.jpg,BG+WSSV,2,7
train,/home/drnguyenvinh/notebooks/shrimp_yolo_canonical_bg_wssv_2cls_split70_15_15/images/train/WSSV_BG-44-img-1.jpg,BG+WSSV,2,4
train,/home/drnguyenvinh/notebooks/shrimp_yolo_canonical_bg_wssv_2cls_split70_15_15/images/train/WSSV_BG-45-img-2.jpg,BG+WSSV,2,5
train,/home/drnguyenvinh/notebooks/shrimp_yolo_canonical_bg_wssv_2cls_split70_15_15/images/train/WSSV_BG-46-img-1.jpg,BG+WSSV,2,8
train,/home/drnguyenvinh/notebooks/shrimp_yolo_canonical_bg_wssv_2cls_split70_15_15/images/train/WSSV_BG-46-img-3.jpg,BG+WSSV,2,6
train,/home/drnguyenvinh/notebooks/shrimp_yolo_canonical_bg_wssv_2cls_split70_15_15/images/train/WSSV_BG-47-img-1.jpg,BG+WSSV,2,11
train,/home/drnguyenvinh/notebooks/shrimp_yolo_canonical_bg_wssv_2cls_split70_15_15/images/train/WSSV_BG-47-img-3.jpg,BG+WSSV,2,10
train,/home/drnguyenvinh/notebooks/shrimp_yolo_canonical_bg_wssv_2cls_split70_15_15/images/train/WSSV_BG-48-img-1.jpg,BG+WSSV,2,9
train,/home/drnguyenvinh/notebooks/shrimp_yolo_canonical_bg_wssv_2cls_split70_15_15/images/train/WSSV_BG-48-img-3.jpg,BG+WSSV,2,11
train,/home/drnguyenvinh/notebooks/shrimp_yolo_canonical_bg_wssv_2cls_split70_15_15/images/train/WSSV_BG-49-img-1.jpg,BG+WSSV,2,11
train,/home/drnguyenvinh/notebooks/shrimp_yolo_canonical_bg_wssv_2cls_split70_15_15/images/train/WSSV_BG-49-img-3.jpg,BG+WSSV,2,6
train,/home/drnguyenvinh/notebooks/shrimp_yolo_canonical_bg_wssv_2cls_split70_15_15/images/train/WSSV_BG-5-img-2.jpg,BG+WSSV,2,17
train,/home/drnguyenvinh/notebooks/shrimp_yolo_canonical_bg_wssv_2cls_split70_15_15/images/train/WSSV_BG-5-img-3.jpg,BG+WSSV,2,14
train,/home/drnguyenvinh/notebooks/shrimp_yolo_canonical_bg_wssv_2cls_split70_15_15/images/train/WSSV_BG-50-img-1.jpg,BG+WSSV,2,11
train,/home/drnguyenvinh/notebooks/shrimp_yolo_canonical_bg_wssv_2cls_split70_15_15/images/train/WSSV_BG-50-img-2.jpg,BG+WSSV,2,8
train,/home/drnguyenvinh/notebooks/shrimp_yolo_canonical_bg_wssv_2cls_split70_15_15/images/train/WSSV_BG-50-img-3.jpg,BG+WSSV,2,16
train,/home/drnguyenvinh/notebooks/shrimp_yolo_canonical_bg_wssv_2cls_split70_15_15/images/train/WSSV_BG-51-img-1.jpg,BG+WSSV,2,21
train,/home/drnguyenvinh/notebooks/shrimp_yolo_canonical_bg_wssv_2cls_split70_15_15/images/train/WSSV_BG-51-img-2.jpg,BG+WSSV,2,8
train,/home/drnguyenvinh/notebooks/shrimp_yolo_canonical_bg_wssv_2cls_split70_15_15/images/train/WSSV_BG-52-img-3.jpg,BG+WSSV,2,17
train,/home/drnguyenvinh/notebooks/shrimp_yolo_canonical_bg_wssv_2cls_split70_15_15/images/train/WSSV_BG-53-img-1.jpg,BG+WSSV,2,17
train,/home/drnguyenvinh/notebooks/shrimp_yolo_canonical_bg_wssv_2cls_split70_15_15/images/train/WSSV_BG-54-img-1.jpg,BG+WSSV,2,12
train,/home/drnguyenvinh/notebooks/shrimp_yolo_canonical_bg_wssv_2cls_split70_15_15/images/train/WSSV_BG-54-img-2.jpg,BG+WSSV,2,15
train,/home/drnguyenvinh/notebooks/shrimp_yolo_canonical_bg_wssv_2cls_split70_15_15/images/train/WSSV_BG-55-img-1.jpg,BG+WSSV,2,6
train,/home/drnguyenvinh/notebooks/shrimp_yolo_canonical_bg_wssv_2cls_split70_15_15/images/train/WSSV_BG-56-img-1.jpg,BG+WSSV,2,11
train,/home/drnguyenvinh/notebooks/shrimp_yolo_canonical_bg_wssv_2cls_split70_15_15/images/train/WSSV_BG-56-img-2.jpg,BG+WSSV,2,12
train,/home/drnguyenvinh/notebooks/shrimp_yolo_canonical_bg_wssv_2cls_split70_15_15/images/train/WSSV_BG-56-img-3.jpg,BG+WSSV,2,7
train,/home/drnguyenvinh/notebooks/shrimp_yolo_canonical_bg_wssv_2cls_split70_15_15/images/train/WSSV_BG-57-img-3.jpg,BG+WSSV,2,5
train,/home/drnguyenvinh/notebooks/shrimp_yolo_canonical_bg_wssv_2cls_split70_15_15/images/train/WSSV_BG-58-img-1.jpg,BG+WSSV,2,7
train,/home/drnguyenvinh/notebooks/shrimp_yolo_canonical_bg_wssv_2cls_split70_15_15/images/train/WSSV_BG-58-img-2.jpg,BG,1,4
train,/home/drnguyenvinh/notebooks/shrimp_yolo_canonical_bg_wssv_2cls_split70_15_15/images/train/WSSV_BG-59-img-1.jpg,BG+WSSV,2,8
train,/home/drnguyenvinh/notebooks/shrimp_yolo_canonical_bg_wssv_2cls_split70_15_15/images/train/WSSV_BG-6-img-2.jpg,BG+WSSV,2,3
train,/home/drnguyenvinh/notebooks/shrimp_yolo_canonical_bg_wssv_2cls_split70_15_15/images/train/WSSV_BG-6-img-3.jpg,BG+WSSV,2,7
train,/home/drnguyenvinh/notebooks/shrimp_yolo_canonical_bg_wssv_2cls_split70_15_15/images/train/WSSV_BG-60-img-1.jpg,BG+WSSV,2,10
train,/home/drnguyenvinh/notebooks/shrimp_yolo_canonical_bg_wssv_2cls_split70_15_15/images/train/WSSV_BG-61-img-1.jpg,BG+WSSV,2,4
train,/home/drnguyenvinh/notebooks/shrimp_yolo_canonical_bg_wssv_2cls_split70_15_15/images/train/WSSV_BG-61-img-2.jpg,BG+WSSV,2,6
train,/home/drnguyenvinh/notebooks/shrimp_yolo_canonical_bg_wssv_2cls_split70_15_15/images/train/WSSV_BG-61-img-3.jpg,BG+WSSV,2,7
train,/home/drnguyenvinh/notebooks/shrimp_yolo_canonical_bg_wssv_2cls_split70_15_15/images/train/WSSV_BG-63-img-2.jpg,BG+WSSV,2,4
train,/home/drnguyenvinh/notebooks/shrimp_yolo_canonical_bg_wssv_2cls_split70_15_15/images/train/WSSV_BG-63-img-3.jpg,BG+WSSV,2,10
train,/home/drnguyenvinh/notebooks/shrimp_yolo_canonical_bg_wssv_2cls_split70_15_15/images/train/WSSV_BG-64-img-1.jpg,BG+WSSV,2,8
train,/home/drnguyenvinh/notebooks/shrimp_yolo_canonical_bg_wssv_2cls_split70_15_15/images/train/WSSV_BG-64-img-3.jpg,BG+WSSV,2,10
train,/home/drnguyenvinh/notebooks/shrimp_yolo_canonical_bg_wssv_2cls_split70_15_15/images/train/WSSV_BG-65-img-1.jpg,BG+WSSV,2,18
train,/home/drnguyenvinh/notebooks/shrimp_yolo_canonical_bg_wssv_2cls_split70_15_15/images/train/WSSV_BG-65-img-2.jpg,BG+WSSV,2,14
train,/home/drnguyenvinh/notebooks/shrimp_yolo_canonical_bg_wssv_2cls_split70_15_15/images/train/WSSV_BG-65-img-3.jpg,BG+WSSV,2,6
train,/home/drnguyenvinh/notebooks/shrimp_yolo_canonical_bg_wssv_2cls_split70_15_15/images/train/WSSV_BG-67-img-2.jpg,BG+WSSV,2,7
train,/home/drnguyenvinh/notebooks/shrimp_yolo_canonical_bg_wssv_2cls_split70_15_15/images/train/WSSV_BG-68-img-2.jpg,BG+WSSV,2,11
train,/home/drnguyenvinh/notebooks/shrimp_yolo_canonical_bg_wssv_2cls_split70_15_15/images/train/WSSV_BG-68-img-3.jpg,BG+WSSV,2,8
train,/home/drnguyenvinh/notebooks/shrimp_yolo_canonical_bg_wssv_2cls_split70_15_15/images/train/WSSV_BG-69-img-1.jpg,BG+WSSV,2,16
train,/home/drnguyenvinh/notebooks/shrimp_yolo_canonical_bg_wssv_2cls_split70_15_15/images/train/WSSV_BG-69-img-2.jpg,BG+WSSV,2,14
train,/home/drnguyenvinh/notebooks/shrimp_yolo_canonical_bg_wssv_2cls_split70_15_15/images/train/WSSV_BG-7-img-1.jpg,BG+WSSV,2,7
train,/home/drnguyenvinh/notebooks/shrimp_yolo_canonical_bg_wssv_2cls_split70_15_15/images/train/WSSV_BG-7-img-3.jpg,BG+WSSV,2,10
train,/home/drnguyenvinh/notebooks/shrimp_yolo_canonical_bg_wssv_2cls_split70_15_15/images/train/WSSV_BG-70-img-1.jpg,BG+WSSV,2,18
train,/home/drnguyenvinh/notebooks/shrimp_yolo_canonical_bg_wssv_2cls_split70_15_15/images/train/WSSV_BG-70-img-2.jpg,BG+WSSV,2,13
train,/home/drnguyenvinh/notebooks/shrimp_yolo_canonical_bg_wssv_2cls_split70_15_15/images/train/WSSV_BG-71-img-2.jpg,BG+WSSV,2,13
train,/home/drnguyenvinh/notebooks/shrimp_yolo_canonical_bg_wssv_2cls_split70_15_15/images/train/WSSV_BG-71-img-3.jpg,BG+WSSV,2,14
train,/home/drnguyenvinh/notebooks/shrimp_yolo_canonical_bg_wssv_2cls_split70_15_15/images/train/WSSV_BG-72-img-1.jpg,BG+WSSV,2,11
train,/home/drnguyenvinh/notebooks/shrimp_yolo_canonical_bg_wssv_2cls_split70_15_15/images/train/WSSV_BG-72-img-2.jpg,BG+WSSV,2,13
train,/home/drnguyenvinh/notebooks/shrimp_yolo_canonical_bg_wssv_2cls_split70_15_15/images/train/WSSV_BG-72-img-3.jpg,BG+WSSV,2,8
train,/home/drnguyenvinh/notebooks/shrimp_yolo_canonical_bg_wssv_2cls_split70_15_15/images/train/WSSV_BG-74-img-1.jpg,BG+WSSV,2,10
train,/home/drnguyenvinh/notebooks/shrimp_yolo_canonical_bg_wssv_2cls_split70_15_15/images/train/WSSV_BG-74-img-2.jpg,BG+WSSV,2,8
train,/home/drnguyenvinh/notebooks/shrimp_yolo_canonical_bg_wssv_2cls_split70_15_15/images/train/WSSV_BG-74-img-3.jpg,BG+WSSV,2,8
train,/home/drnguyenvinh/notebooks/shrimp_yolo_canonical_bg_wssv_2cls_split70_15_15/images/train/WSSV_BG-75-img-1.jpg,BG+WSSV,2,5
train,/home/drnguyenvinh/notebooks/shrimp_yolo_canonical_bg_wssv_2cls_split70_15_15/images/train/WSSV_BG-75-img-2.jpg,BG+WSSV,2,10
train,/home/drnguyenvinh/notebooks/shrimp_yolo_canonical_bg_wssv_2cls_split70_15_15/images/train/WSSV_BG-76-img-1.jpg,BG+WSSV,2,10
train,/home/drnguyenvinh/notebooks/shrimp_yolo_canonical_bg_wssv_2cls_split70_15_15/images/train/WSSV_BG-76-img-3.jpg,BG+WSSV,2,16
train,/home/drnguyenvinh/notebooks/shrimp_yolo_canonical_bg_wssv_2cls_split70_15_15/images/train/WSSV_BG-77-img-1.jpg,BG+WSSV,2,10
train,/home/drnguyenvinh/notebooks/shrimp_yolo_canonical_bg_wssv_2cls_split70_15_15/images/train/WSSV_BG-77-img-2.jpg,BG+WSSV,2,7
train,/home/drnguyenvinh/notebooks/shrimp_yolo_canonical_bg_wssv_2cls_split70_15_15/images/train/WSSV_BG-77-img-3.jpg,BG+WSSV,2,8
train,/home/drnguyenvinh/notebooks/shrimp_yolo_canonical_bg_wssv_2cls_split70_15_15/images/train/WSSV_BG-78-img-1.jpg,BG+WSSV,2,7
train,/home/drnguyenvinh/notebooks/shrimp_yolo_canonical_bg_wssv_2cls_split70_15_15/images/train/WSSV_BG-78-img-2.jpg,BG+WSSV,2,11
train,/home/drnguyenvinh/notebooks/shrimp_yolo_canonical_bg_wssv_2cls_split70_15_15/images/train/WSSV_BG-78-img-3.jpg,BG+WSSV,2,15
train,/home/drnguyenvinh/notebooks/shrimp_yolo_canonical_bg_wssv_2cls_split70_15_15/images/train/WSSV_BG-79-img-1.jpg,BG+WSSV,2,12
train,/home/drnguyenvinh/notebooks/shrimp_yolo_canonical_bg_wssv_2cls_split70_15_15/images/train/WSSV_BG-79-img-3.jpg,BG+WSSV,2,12
train,/home/drnguyenvinh/notebooks/shrimp_yolo_canonical_bg_wssv_2cls_split70_15_15/images/train/WSSV_BG-8-img-1.jpg,BG+WSSV,2,14
train,/home/drnguyenvinh/notebooks/shrimp_yolo_canonical_bg_wssv_2cls_split70_15_15/images/train/WSSV_BG-8-img-2.jpg,BG+WSSV,2,8
train,/home/drnguyenvinh/notebooks/shrimp_yolo_canonical_bg_wssv_2cls_split70_15_15/images/train/WSSV_BG-8-img-3.jpg,BG+WSSV,2,8
train,/home/drnguyenvinh/notebooks/shrimp_yolo_canonical_bg_wssv_2cls_split70_15_15/images/train/WSSV_BG-80-img-2.jpg,BG+WSSV,2,14
train,/home/drnguyenvinh/notebooks/shrimp_yolo_canonical_bg_wssv_2cls_split70_15_15/images/train/WSSV_BG-80-img-3.jpg,BG+WSSV,2,14
train,/home/drnguyenvinh/notebooks/shrimp_yolo_canonical_bg_wssv_2cls_split70_15_15/images/train/WSSV_BG-9-img-1.jpg,BG+WSSV,2,14
train,/home/drnguyenvinh/notebooks/shrimp_yolo_canonical_bg_wssv_2cls_split70_15_15/images/train/WSSV_BG-9-img-2.jpg,BG+WSSV,2,6
train,/home/drnguyenvinh/notebooks/shrimp_yolo_canonical_bg_wssv_2cls_split70_15_15/images/train/WSSV_BG-9-img-3.jpg,BG+WSSV,2,13
val,/home/drnguyenvinh/notebooks/shrimp_yolo_canonical_bg_wssv_2cls_split70_15_15/images/val/BG-1-img-2.jpg,BG,1,1
val,/home/drnguyenvinh/notebooks/shrimp_yolo_canonical_bg_wssv_2cls_split70_15_15/images/val/BG-12-img-3.jpg,BG,1,1
val,/home/drnguyenvinh/notebooks/shrimp_yolo_canonical_bg_wssv_2cls_split70_15_15/images/val/BG-15-img-2.jpg,BG,1,1
val,/home/drnguyenvinh/notebooks/shrimp_yolo_canonical_bg_wssv_2cls_split70_15_15/images/val/BG-18-img-1.jpg,BG,1,1
val,/home/drnguyenvinh/notebooks/shrimp_yolo_canonical_bg_wssv_2cls_split70_15_15/images/val/BG-2-img-2.jpg,BG,1,1
val,/home/drnguyenvinh/notebooks/shrimp_yolo_canonical_bg_wssv_2cls_split70_15_15/images/val/BG-22-img-1.jpg,BG,1,1
val,/home/drnguyenvinh/notebooks/shrimp_yolo_canonical_bg_wssv_2cls_split70_15_15/images/val/BG-24-img-3.jpg,BG,1,2
val,/home/drnguyenvinh/notebooks/shrimp_yolo_canonical_bg_wssv_2cls_split70_15_15/images/val/BG-25-img-1.jpg,BG,1,1
val,/home/drnguyenvinh/notebooks/shrimp_yolo_canonical_bg_wssv_2cls_split70_15_15/images/val/BG-29-img-1.jpg,BG,1,1
val,/home/drnguyenvinh/notebooks/shrimp_yolo_canonical_bg_wssv_2cls_split70_15_15/images/val/BG-35-img-1.jpg,BG,1,3
val,/home/drnguyenvinh/notebooks/shrimp_yolo_canonical_bg_wssv_2cls_split70_15_15/images/val/BG-36-img-2.jpg,BG,1,2
val,/home/drnguyenvinh/notebooks/shrimp_yolo_canonical_bg_wssv_2cls_split70_15_15/images/val/BG-37-img-3.jpg,BG,1,5
val,/home/drnguyenvinh/notebooks/shrimp_yolo_canonical_bg_wssv_2cls_split70_15_15/images/val/BG-40-img-2.jpg,BG,1,5
val,/home/drnguyenvinh/notebooks/shrimp_yolo_canonical_bg_wssv_2cls_split70_15_15/images/val/BG-40-img-3.jpg,BG,1,3
val,/home/drnguyenvinh/notebooks/shrimp_yolo_canonical_bg_wssv_2cls_split70_15_15/images/val/BG-41-img-1.jpg,BG,1,4
val,/home/drnguyenvinh/notebooks/shrimp_yolo_canonical_bg_wssv_2cls_split70_15_15/images/val/BG-42-img-1.jpg,BG,1,1
val,/home/drnguyenvinh/notebooks/shrimp_yolo_canonical_bg_wssv_2cls_split70_15_15/images/val/BG-42-img-2.jpg,BG,1,4
val,/home/drnguyenvinh/notebooks/shrimp_yolo_canonical_bg_wssv_2cls_split70_15_15/images/val/BG-43-img-3.jpg,BG,1,2
val,/home/drnguyenvinh/notebooks/shrimp_yolo_canonical_bg_wssv_2cls_split70_15_15/images/val/BG-44-img-1.jpg,BG,1,5
val,/home/drnguyenvinh/notebooks/shrimp_yolo_canonical_bg_wssv_2cls_split70_15_15/images/val/BG-5-img-1.jpg,BG,1,2
val,/home/drnguyenvinh/notebooks/shrimp_yolo_canonical_bg_wssv_2cls_split70_15_15/images/val/BG-51-img-1.jpg,BG,1,1
val,/home/drnguyenvinh/notebooks/shrimp_yolo_canonical_bg_wssv_2cls_split70_15_15/images/val/BG-58-img-2.jpg,BG,1,1
val,/home/drnguyenvinh/notebooks/shrimp_yolo_canonical_bg_wssv_2cls_split70_15_15/images/val/BG-59-img-3.jpg,BG,1,2
val,/home/drnguyenvinh/notebooks/shrimp_yolo_canonical_bg_wssv_2cls_split70_15_15/images/val/BG-62-img-1.jpg,BG,1,2
val,/home/drnguyenvinh/notebooks/shrimp_yolo_canonical_bg_wssv_2cls_split70_15_15/images/val/BG-68-img-3.jpg,BG,1,3
val,/home/drnguyenvinh/notebooks/shrimp_yolo_canonical_bg_wssv_2cls_split70_15_15/images/val/BG-7-img-2.jpg,BG,1,1
val,/home/drnguyenvinh/notebooks/shrimp_yolo_canonical_bg_wssv_2cls_split70_15_15/images/val/BG-71-img-3.jpg,BG,1,9
val,/home/drnguyenvinh/notebooks/shrimp_yolo_canonical_bg_wssv_2cls_split70_15_15/images/val/BG-72-img-1.jpg,BG,1,2
val,/home/drnguyenvinh/notebooks/shrimp_yolo_canonical_bg_wssv_2cls_split70_15_15/images/val/BG-73-img-1.jpg,BG,1,1
val,/home/drnguyenvinh/notebooks/shrimp_yolo_canonical_bg_wssv_2cls_split70_15_15/images/val/BG-8-img-3.jpg,BG,1,2
val,/home/drnguyenvinh/notebooks/shrimp_yolo_canonical_bg_wssv_2cls_split70_15_15/images/val/WSSV-102-img-2.jpg,WSSV,1,8
val,/home/drnguyenvinh/notebooks/shrimp_yolo_canonical_bg_wssv_2cls_split70_15_15/images/val/WSSV-103-img-3.jpg,WSSV,1,28
val,/home/drnguyenvinh/notebooks/shrimp_yolo_canonical_bg_wssv_2cls_split70_15_15/images/val/WSSV-106-img-2.jpg,WSSV,1,4
val,/home/drnguyenvinh/notebooks/shrimp_yolo_canonical_bg_wssv_2cls_split70_15_15/images/val/WSSV-107-img-1.jpg,WSSV,1,3
val,/home/drnguyenvinh/notebooks/shrimp_yolo_canonical_bg_wssv_2cls_split70_15_15/images/val/WSSV-107-img-3.jpg,WSSV,1,1
val,/home/drnguyenvinh/notebooks/shrimp_yolo_canonical_bg_wssv_2cls_split70_15_15/images/val/WSSV-109-img-1.jpg,WSSV,1,7
val,/home/drnguyenvinh/notebooks/shrimp_yolo_canonical_bg_wssv_2cls_split70_15_15/images/val/WSSV-110-img-2.jpg,WSSV,1,15
val,/home/drnguyenvinh/notebooks/shrimp_yolo_canonical_bg_wssv_2cls_split70_15_15/images/val/WSSV-112-img-1.jpg,WSSV,1,3
val,/home/drnguyenvinh/notebooks/shrimp_yolo_canonical_bg_wssv_2cls_split70_15_15/images/val/WSSV-114-img-2.jpg,WSSV,1,6
val,/home/drnguyenvinh/notebooks/shrimp_yolo_canonical_bg_wssv_2cls_split70_15_15/images/val/WSSV-115-img-1.jpg,WSSV,1,8
val,/home/drnguyenvinh/notebooks/shrimp_yolo_canonical_bg_wssv_2cls_split70_15_15/images/val/WSSV-116-img-2.jpg,WSSV,1,6
val,/home/drnguyenvinh/notebooks/shrimp_yolo_canonical_bg_wssv_2cls_split70_15_15/images/val/WSSV-116-img-3.jpg,WSSV,1,9
val,/home/drnguyenvinh/notebooks/shrimp_yolo_canonical_bg_wssv_2cls_split70_15_15/images/val/WSSV-118-img-3.jpg,WSSV,1,9
val,/home/drnguyenvinh/notebooks/shrimp_yolo_canonical_bg_wssv_2cls_split70_15_15/images/val/WSSV-15-img-3.jpg,WSSV,1,2
val,/home/drnguyenvinh/notebooks/shrimp_yolo_canonical_bg_wssv_2cls_split70_15_15/images/val/WSSV-22-img-1.jpg,WSSV,1,2
val,/home/drnguyenvinh/notebooks/shrimp_yolo_canonical_bg_wssv_2cls_split70_15_15/images/val/WSSV-24-img-1.jpg,WSSV,1,16
val,/home/drnguyenvinh/notebooks/shrimp_yolo_canonical_bg_wssv_2cls_split70_15_15/images/val/WSSV-26-img-1.jpg,WSSV,1,7
val,/home/drnguyenvinh/notebooks/shrimp_yolo_canonical_bg_wssv_2cls_split70_15_15/images/val/WSSV-32-img-2.jpg,WSSV,1,2
val,/home/drnguyenvinh/notebooks/shrimp_yolo_canonical_bg_wssv_2cls_split70_15_15/images/val/WSSV-33-img-3.jpg,WSSV,1,2
val,/home/drnguyenvinh/notebooks/shrimp_yolo_canonical_bg_wssv_2cls_split70_15_15/images/val/WSSV-38-img-1.jpg,WSSV,1,11
val,/home/drnguyenvinh/notebooks/shrimp_yolo_canonical_bg_wssv_2cls_split70_15_15/images/val/WSSV-38-img-3.jpg,WSSV,1,6
val,/home/drnguyenvinh/notebooks/shrimp_yolo_canonical_bg_wssv_2cls_split70_15_15/images/val/WSSV-46-img-2.jpg,WSSV,1,5
val,/home/drnguyenvinh/notebooks/shrimp_yolo_canonical_bg_wssv_2cls_split70_15_15/images/val/WSSV-50-img-2.jpg,WSSV,1,9
val,/home/drnguyenvinh/notebooks/shrimp_yolo_canonical_bg_wssv_2cls_split70_15_15/images/val/WSSV-54-img-1.jpg,WSSV,1,19
val,/home/drnguyenvinh/notebooks/shrimp_yolo_canonical_bg_wssv_2cls_split70_15_15/images/val/WSSV-59-img-1.jpg,WSSV,1,10
val,/home/drnguyenvinh/notebooks/shrimp_yolo_canonical_bg_wssv_2cls_split70_15_15/images/val/WSSV-6-img-3.jpg,WSSV,1,19
val,/home/drnguyenvinh/notebooks/shrimp_yolo_canonical_bg_wssv_2cls_split70_15_15/images/val/WSSV-61-img-1.jpg,WSSV,1,8
val,/home/drnguyenvinh/notebooks/shrimp_yolo_canonical_bg_wssv_2cls_split70_15_15/images/val/WSSV-62-img-1.jpg,WSSV,1,42
val,/home/drnguyenvinh/notebooks/shrimp_yolo_canonical_bg_wssv_2cls_split70_15_15/images/val/WSSV-63-img-1.jpg,WSSV,1,3
val,/home/drnguyenvinh/notebooks/shrimp_yolo_canonical_bg_wssv_2cls_split70_15_15/images/val/WSSV-63-img-2.jpg,WSSV,1,9
val,/home/drnguyenvinh/notebooks/shrimp_yolo_canonical_bg_wssv_2cls_split70_15_15/images/val/WSSV-63-img-3.jpg,WSSV,1,22
val,/home/drnguyenvinh/notebooks/shrimp_yolo_canonical_bg_wssv_2cls_split70_15_15/images/val/WSSV-65-img-2.jpg,WSSV,1,11
val,/home/drnguyenvinh/notebooks/shrimp_yolo_canonical_bg_wssv_2cls_split70_15_15/images/val/WSSV-66-img-2.jpg,WSSV,1,9
val,/home/drnguyenvinh/notebooks/shrimp_yolo_canonical_bg_wssv_2cls_split70_15_15/images/val/WSSV-68-img-3.jpg,WSSV,1,15
val,/home/drnguyenvinh/notebooks/shrimp_yolo_canonical_bg_wssv_2cls_split70_15_15/images/val/WSSV-69-img-1.jpg,WSSV,1,7
val,/home/drnguyenvinh/notebooks/shrimp_yolo_canonical_bg_wssv_2cls_split70_15_15/images/val/WSSV-69-img-3.jpg,WSSV,1,38
val,/home/drnguyenvinh/notebooks/shrimp_yolo_canonical_bg_wssv_2cls_split70_15_15/images/val/WSSV-78-img-1.jpg,WSSV,1,3
val,/home/drnguyenvinh/notebooks/shrimp_yolo_canonical_bg_wssv_2cls_split70_15_15/images/val/WSSV-79-img-2.jpg,WSSV,1,3
val,/home/drnguyenvinh/notebooks/shrimp_yolo_canonical_bg_wssv_2cls_split70_15_15/images/val/WSSV-8-img-3.jpg,WSSV,1,13
val,/home/drnguyenvinh/notebooks/shrimp_yolo_canonical_bg_wssv_2cls_split70_15_15/images/val/WSSV-80-img-2.jpg,WSSV,1,7
val,/home/drnguyenvinh/notebooks/shrimp_yolo_canonical_bg_wssv_2cls_split70_15_15/images/val/WSSV-81-img-1.jpg,WSSV,1,9
val,/home/drnguyenvinh/notebooks/shrimp_yolo_canonical_bg_wssv_2cls_split70_15_15/images/val/WSSV-82-img-2.jpg,WSSV,1,5
val,/home/drnguyenvinh/notebooks/shrimp_yolo_canonical_bg_wssv_2cls_split70_15_15/images/val/WSSV-86-img-3.jpg,WSSV,1,9
val,/home/drnguyenvinh/notebooks/shrimp_yolo_canonical_bg_wssv_2cls_split70_15_15/images/val/WSSV-90-img-1.jpg,WSSV,1,13
val,/home/drnguyenvinh/notebooks/shrimp_yolo_canonical_bg_wssv_2cls_split70_15_15/images/val/WSSV-91-img-3.jpg,WSSV,1,8
val,/home/drnguyenvinh/notebooks/shrimp_yolo_canonical_bg_wssv_2cls_split70_15_15/images/val/WSSV-92-img-3.jpg,WSSV,1,4
val,/home/drnguyenvinh/notebooks/shrimp_yolo_canonical_bg_wssv_2cls_split70_15_15/images/val/WSSV-94-img-2.jpg,WSSV,1,10
val,/home/drnguyenvinh/notebooks/shrimp_yolo_canonical_bg_wssv_2cls_split70_15_15/images/val/WSSV-96-img-2.jpg,WSSV,1,9
val,/home/drnguyenvinh/notebooks/shrimp_yolo_canonical_bg_wssv_2cls_split70_15_15/images/val/WSSV-97-img-2.jpg,WSSV,1,8
val,/home/drnguyenvinh/notebooks/shrimp_yolo_canonical_bg_wssv_2cls_split70_15_15/images/val/WSSV_BG-11-img-1.jpg,BG+WSSV,2,8
val,/home/drnguyenvinh/notebooks/shrimp_yolo_canonical_bg_wssv_2cls_split70_15_15/images/val/WSSV_BG-12-img-3.jpg,BG+WSSV,2,10
val,/home/drnguyenvinh/notebooks/shrimp_yolo_canonical_bg_wssv_2cls_split70_15_15/images/val/WSSV_BG-15-img-1.jpg,BG+WSSV,2,3
val,/home/drnguyenvinh/notebooks/shrimp_yolo_canonical_bg_wssv_2cls_split70_15_15/images/val/WSSV_BG-16-img-2.jpg,BG+WSSV,2,8
val,/home/drnguyenvinh/notebooks/shrimp_yolo_canonical_bg_wssv_2cls_split70_15_15/images/val/WSSV_BG-17-img-1.jpg,BG+WSSV,2,9
val,/home/drnguyenvinh/notebooks/shrimp_yolo_canonical_bg_wssv_2cls_split70_15_15/images/val/WSSV_BG-20-img-3.jpg,BG+WSSV,2,4
val,/home/drnguyenvinh/notebooks/shrimp_yolo_canonical_bg_wssv_2cls_split70_15_15/images/val/WSSV_BG-23-img-1.jpg,BG+WSSV,2,8
val,/home/drnguyenvinh/notebooks/shrimp_yolo_canonical_bg_wssv_2cls_split70_15_15/images/val/WSSV_BG-26-img-1.jpg,BG+WSSV,2,3
val,/home/drnguyenvinh/notebooks/shrimp_yolo_canonical_bg_wssv_2cls_split70_15_15/images/val/WSSV_BG-27-img-2.jpg,BG+WSSV,2,12
val,/home/drnguyenvinh/notebooks/shrimp_yolo_canonical_bg_wssv_2cls_split70_15_15/images/val/WSSV_BG-28-img-3.jpg,BG+WSSV,2,5
val,/home/drnguyenvinh/notebooks/shrimp_yolo_canonical_bg_wssv_2cls_split70_15_15/images/val/WSSV_BG-29-img-3.jpg,BG+WSSV,2,9
val,/home/drnguyenvinh/notebooks/shrimp_yolo_canonical_bg_wssv_2cls_split70_15_15/images/val/WSSV_BG-3-img-2.jpg,BG+WSSV,2,4
val,/home/drnguyenvinh/notebooks/shrimp_yolo_canonical_bg_wssv_2cls_split70_15_15/images/val/WSSV_BG-33-img-1.jpg,BG+WSSV,2,10
val,/home/drnguyenvinh/notebooks/shrimp_yolo_canonical_bg_wssv_2cls_split70_15_15/images/val/WSSV_BG-37-img-3.jpg,BG+WSSV,2,8
val,/home/drnguyenvinh/notebooks/shrimp_yolo_canonical_bg_wssv_2cls_split70_15_15/images/val/WSSV_BG-41-img-2.jpg,BG+WSSV,2,8
val,/home/drnguyenvinh/notebooks/shrimp_yolo_canonical_bg_wssv_2cls_split70_15_15/images/val/WSSV_BG-44-img-2.jpg,BG+WSSV,2,5
val,/home/drnguyenvinh/notebooks/shrimp_yolo_canonical_bg_wssv_2cls_split70_15_15/images/val/WSSV_BG-47-img-2.jpg,BG+WSSV,2,8
val,/home/drnguyenvinh/notebooks/shrimp_yolo_canonical_bg_wssv_2cls_split70_15_15/images/val/WSSV_BG-48-img-2.jpg,BG+WSSV,2,20
val,/home/drnguyenvinh/notebooks/shrimp_yolo_canonical_bg_wssv_2cls_split70_15_15/images/val/WSSV_BG-49-img-2.jpg,BG+WSSV,2,10
val,/home/drnguyenvinh/notebooks/shrimp_yolo_canonical_bg_wssv_2cls_split70_15_15/images/val/WSSV_BG-5-img-1.jpg,BG+WSSV,2,11
val,/home/drnguyenvinh/notebooks/shrimp_yolo_canonical_bg_wssv_2cls_split70_15_15/images/val/WSSV_BG-52-img-1.jpg,BG+WSSV,2,10
val,/home/drnguyenvinh/notebooks/shrimp_yolo_canonical_bg_wssv_2cls_split70_15_15/images/val/WSSV_BG-52-img-2.jpg,BG+WSSV,2,7
val,/home/drnguyenvinh/notebooks/shrimp_yolo_canonical_bg_wssv_2cls_split70_15_15/images/val/WSSV_BG-59-img-2.jpg,BG+WSSV,2,19
val,/home/drnguyenvinh/notebooks/shrimp_yolo_canonical_bg_wssv_2cls_split70_15_15/images/val/WSSV_BG-62-img-2.jpg,BG+WSSV,2,9
val,/home/drnguyenvinh/notebooks/shrimp_yolo_canonical_bg_wssv_2cls_split70_15_15/images/val/WSSV_BG-63-img-1.jpg,BG+WSSV,2,9
val,/home/drnguyenvinh/notebooks/shrimp_yolo_canonical_bg_wssv_2cls_split70_15_15/images/val/WSSV_BG-64-img-2.jpg,BG+WSSV,2,8
val,/home/drnguyenvinh/notebooks/shrimp_yolo_canonical_bg_wssv_2cls_split70_15_15/images/val/WSSV_BG-66-img-2.jpg,BG+WSSV,2,10
val,/home/drnguyenvinh/notebooks/shrimp_yolo_canonical_bg_wssv_2cls_split70_15_15/images/val/WSSV_BG-66-img-3.jpg,BG+WSSV,2,10
val,/home/drnguyenvinh/notebooks/shrimp_yolo_canonical_bg_wssv_2cls_split70_15_15/images/val/WSSV_BG-67-img-3.jpg,BG+WSSV,2,7
val,/home/drnguyenvinh/notebooks/shrimp_yolo_canonical_bg_wssv_2cls_split70_15_15/images/val/WSSV_BG-7-img-2.jpg,BG+WSSV,2,5
val,/home/drnguyenvinh/notebooks/shrimp_yolo_canonical_bg_wssv_2cls_split70_15_15/images/val/WSSV_BG-71-img-1.jpg,BG+WSSV,2,8
val,/home/drnguyenvinh/notebooks/shrimp_yolo_canonical_bg_wssv_2cls_split70_15_15/images/val/WSSV_BG-79-img-2.jpg,BG+WSSV,2,9
val,/home/drnguyenvinh/notebooks/shrimp_yolo_canonical_bg_wssv_2cls_split70_15_15/images/val/WSSV_BG-81-img-2.jpg,BG+WSSV,2,10
